# Blender v3.6.23 OBJ File: ''
# www.blender.org
o skateboard_deck
v 0.131542 0.031353 -0.735168
v 0.196401 0.036006 -0.768402
v 0.130629 0.036000 -0.768408
v 0.198016 0.031355 -0.735165
v 0.262385 0.036013 -0.768395
v 0.257227 0.042994 -0.803458
v 0.192788 0.042950 -0.803500
v 0.128422 0.042911 -0.803535
v 0.134451 0.024264 -0.265877
v 0.200155 0.033422 -0.466707
v 0.134071 0.023538 -0.466650
v 0.134658 0.024621 0.001858
v 0.200417 0.035486 -0.265904
v 0.200559 0.036550 0.001858
v 0.265801 0.050667 -0.265940
v 0.265801 0.046794 -0.466783
v 0.133139 0.021039 -0.614998
v 0.199258 0.025441 -0.644209
v 0.132765 0.022867 -0.644130
v 0.199515 0.025734 -0.615128
v 0.265801 0.028922 -0.644317
v 0.265801 0.027557 -0.676145
v 0.198987 0.026424 -0.676113
v 0.132372 0.025586 -0.676089
v 0.133615 0.021994 -0.579376
v 0.199704 0.027526 -0.594279
v 0.133414 0.021042 -0.594137
v 0.199842 0.029818 -0.579498
v 0.265801 0.036298 -0.594471
v 0.265801 0.032086 -0.615305
v 0.199971 0.031647 -0.556079
v 0.133802 0.022826 -0.555988
v 0.265801 0.043580 -0.556202
v 0.265801 0.040402 -0.579664
v 0.198691 0.028314 -0.705535
v 0.132014 0.028207 -0.705535
v 0.265678 0.028458 -0.705535
v 0.264814 0.031358 -0.735162
v 0.185972 0.052742 -0.838167
v 0.123968 0.052628 -0.838273
v 0.247985 0.052867 -0.838043
v 0.232878 0.065368 -0.872861
v 0.174659 0.065184 -0.873076
v 0.116439 0.065015 -0.873266
v 0.158047 0.079472 -0.908541
v 0.105596 0.079386 -0.908921
v 0.209833 0.079746 -0.908528
v 0.176036 0.094146 -0.942235
v 0.137404 0.093138 -0.940458
v 0.093455 0.093535 -0.941768
v 0.117887 0.102509 -0.961724
v 0.083915 0.105331 -0.968226
v 0.130770 0.106484 -0.970319
v 0.082439 0.114871 -0.989121
v -0.000000 0.093862 -0.943012
v 0.042444 0.106662 -0.971382
v -0.000000 0.106842 -0.971872
v 0.047106 0.093839 -0.942804
v 0.039314 0.118251 -0.996670
v -0.000000 0.118734 -0.997748
v -0.000000 0.064828 -0.873458
v 0.052845 0.079315 -0.909221
v -0.000000 0.079272 -0.909318
v 0.058219 0.064882 -0.873404
v -0.000000 0.042867 -0.803567
v 0.061980 0.052539 -0.838345
v -0.000000 0.052503 -0.838372
v 0.064175 0.042880 -0.803558
v -0.000000 0.025191 -0.676079
v 0.065852 0.028163 -0.705536
v -0.000000 0.028156 -0.705537
v 0.066087 0.025241 -0.676080
v 0.065609 0.031352 -0.735169
v -0.000000 0.031351 -0.735170
v -0.000000 0.018886 -0.466624
v 0.067070 0.019194 -0.555952
v -0.000000 0.018675 -0.555947
v 0.067255 0.019467 -0.466627
v 0.066942 0.018773 -0.579326
v -0.000000 0.018312 -0.579320
v 0.066803 0.018372 -0.594080
v -0.000000 0.017990 -0.594072
v 0.066614 0.019106 -0.614945
v -0.000000 0.018829 -0.614938
v 0.066357 0.021807 -0.644098
v -0.000000 0.021655 -0.644094
v -0.000000 0.018984 -0.265865
v 0.000000 0.019007 0.001858
v 0.067516 0.019644 -0.265867
v 0.067658 0.019709 0.001858
v 0.065209 0.035995 -0.768412
v -0.000000 0.035993 -0.768413
v -0.131543 0.031353 -0.735168
v -0.196402 0.036006 -0.768402
v -0.198016 0.031355 -0.735165
v -0.130629 0.036000 -0.768408
v -0.192789 0.042950 -0.803500
v -0.257228 0.042994 -0.803458
v -0.262385 0.036013 -0.768395
v -0.264815 0.031358 -0.735162
v -0.200156 0.033422 -0.466706
v -0.134451 0.024264 -0.265877
v -0.134071 0.023538 -0.466650
v -0.265802 0.046795 -0.466783
v -0.200417 0.035486 -0.265904
v -0.265801 0.050667 -0.265940
v -0.200559 0.036550 0.001858
v -0.134658 0.024621 0.001858
v -0.133139 0.021039 -0.614998
v -0.199258 0.025441 -0.644209
v -0.199515 0.025734 -0.615128
v -0.132766 0.022867 -0.644130
v -0.198988 0.026424 -0.676112
v -0.265802 0.027557 -0.676145
v -0.265802 0.028922 -0.644317
v -0.265802 0.032086 -0.615305
v -0.133616 0.021995 -0.579376
v -0.199705 0.027526 -0.594279
v -0.199843 0.029818 -0.579498
v -0.133415 0.021042 -0.594137
v -0.265802 0.036299 -0.594471
v -0.265802 0.040402 -0.579664
v -0.199971 0.031647 -0.556078
v -0.133802 0.022826 -0.555988
v -0.265802 0.043580 -0.556201
v -0.132372 0.025586 -0.676089
v -0.198691 0.028314 -0.705535
v -0.132014 0.028207 -0.705535
v -0.265678 0.028458 -0.705535
v -0.128422 0.042911 -0.803535
v -0.185973 0.052742 -0.838166
v -0.123969 0.052628 -0.838273
v -0.174659 0.065184 -0.873076
v -0.232879 0.065368 -0.872861
v -0.247986 0.052868 -0.838042
v -0.116440 0.065015 -0.873266
v -0.158047 0.079472 -0.908541
v -0.105597 0.079386 -0.908921
v -0.137404 0.093138 -0.940458
v -0.176037 0.094146 -0.942234
v -0.209834 0.079746 -0.908528
v -0.093456 0.093535 -0.941768
v -0.117888 0.102509 -0.961724
v -0.082440 0.114871 -0.989121
v -0.083916 0.105331 -0.968226
v -0.130771 0.106484 -0.970318
v -0.042445 0.106662 -0.971382
v -0.047107 0.093839 -0.942804
v -0.039315 0.118251 -0.996670
v -0.052846 0.079315 -0.909221
v -0.058220 0.064882 -0.873404
v -0.061980 0.052539 -0.838345
v -0.064175 0.042880 -0.803558
v -0.065852 0.028163 -0.705536
v -0.066087 0.025241 -0.676080
v -0.065609 0.031352 -0.735169
v -0.067070 0.019194 -0.555952
v -0.067255 0.019467 -0.466627
v -0.066942 0.018773 -0.579326
v -0.066804 0.018372 -0.594080
v -0.066615 0.019106 -0.614945
v -0.066358 0.021807 -0.644098
v -0.067516 0.019644 -0.265866
v -0.067658 0.019709 0.001858
v -0.065209 0.035995 -0.768411
v 0.131543 0.031353 0.738883
v 0.196402 0.036006 0.772117
v 0.198016 0.031355 0.738880
v 0.130629 0.036000 0.772123
v 0.192789 0.042951 0.807215
v 0.257228 0.042994 0.807173
v 0.262385 0.036013 0.772110
v 0.264814 0.031358 0.738877
v 0.200156 0.033422 0.470422
v 0.134451 0.024264 0.269593
v 0.134071 0.023538 0.470365
v 0.265801 0.046795 0.470498
v 0.200417 0.035486 0.269619
v 0.265801 0.050667 0.269655
v 0.133140 0.021040 0.618713
v 0.199258 0.025441 0.647924
v 0.199515 0.025735 0.618843
v 0.132766 0.022867 0.647845
v 0.198988 0.026425 0.679828
v 0.265802 0.027558 0.679860
v 0.265802 0.028923 0.648032
v 0.265802 0.032086 0.619020
v 0.133616 0.021995 0.583091
v 0.199705 0.027527 0.597994
v 0.199843 0.029818 0.583213
v 0.133415 0.021043 0.597852
v 0.265802 0.036299 0.598186
v 0.265802 0.040402 0.583379
v 0.199971 0.031647 0.559794
v 0.133802 0.022827 0.559703
v 0.265801 0.043580 0.559917
v 0.132372 0.025587 0.679804
v 0.198691 0.028314 0.709250
v 0.132014 0.028207 0.709250
v 0.265678 0.028458 0.709250
v 0.128422 0.042911 0.807250
v 0.185973 0.052742 0.841882
v 0.123969 0.052628 0.841988
v 0.174659 0.065184 0.876792
v 0.232879 0.065369 0.876576
v 0.247986 0.052868 0.841758
v 0.116440 0.065015 0.876982
v 0.158047 0.079473 0.912256
v 0.105597 0.079386 0.912636
v 0.137404 0.093139 0.944173
v 0.176037 0.094146 0.945950
v 0.209834 0.079746 0.912243
v 0.093456 0.093536 0.945483
v 0.117888 0.102510 0.965439
v 0.082440 0.114871 0.992836
v 0.083916 0.105331 0.971941
v 0.130771 0.106485 0.974034
v 0.000000 0.093862 0.946728
v 0.042445 0.106663 0.975098
v 0.047107 0.093840 0.946520
v 0.000000 0.106843 0.975587
v 0.039315 0.118252 1.000385
v 0.000000 0.064828 0.877173
v 0.052846 0.079315 0.912937
v 0.058220 0.064883 0.877120
v 0.000000 0.079272 0.913033
v 0.000000 0.042868 0.807282
v 0.061980 0.052539 0.842061
v 0.064175 0.042880 0.807274
v 0.000000 0.052503 0.842087
v 0.000000 0.025192 0.679794
v 0.065852 0.028163 0.709251
v 0.066087 0.025241 0.679795
v 0.000000 0.028156 0.709252
v 0.065609 0.031352 0.738884
v 0.000000 0.018886 0.470340
v 0.067070 0.019194 0.559667
v 0.067255 0.019468 0.470343
v 0.000000 0.018675 0.559662
v 0.066942 0.018773 0.583042
v 0.000000 0.018313 0.583035
v 0.066804 0.018372 0.597795
v 0.000000 0.017991 0.597787
v 0.066615 0.019106 0.618661
v 0.000000 0.018830 0.618654
v 0.066358 0.021807 0.647814
v 0.000000 0.021655 0.647810
v 0.000000 0.018984 0.269580
v 0.067516 0.019644 0.269582
v 0.000000 0.031352 0.738885
v 0.065209 0.035995 0.772127
v 0.000000 0.035994 0.772128
v -0.131542 0.031353 0.738883
v -0.196401 0.036006 0.772117
v -0.130629 0.036000 0.772123
v -0.198016 0.031355 0.738880
v -0.262385 0.036013 0.772111
v -0.257227 0.042994 0.807174
v -0.192788 0.042951 0.807215
v -0.128422 0.042911 0.807250
v -0.134451 0.024264 0.269593
v -0.200155 0.033422 0.470422
v -0.134071 0.023538 0.470366
v -0.200417 0.035486 0.269619
v -0.265801 0.050667 0.269655
v -0.265801 0.046795 0.470498
v -0.133139 0.021040 0.618713
v -0.199258 0.025441 0.647924
v -0.132765 0.022867 0.647845
v -0.199515 0.025735 0.618843
v -0.265801 0.028923 0.648032
v -0.265801 0.027558 0.679861
v -0.198987 0.026425 0.679828
v -0.132372 0.025587 0.679804
v -0.133615 0.021995 0.583091
v -0.199704 0.027527 0.597994
v -0.133414 0.021043 0.597852
v -0.199842 0.029818 0.583213
v -0.265801 0.036299 0.598187
v -0.265801 0.032087 0.619021
v -0.199970 0.031647 0.559794
v -0.133802 0.022827 0.559703
v -0.265801 0.043580 0.559917
v -0.265801 0.040402 0.583380
v -0.198691 0.028314 0.709250
v -0.132014 0.028207 0.709251
v -0.265678 0.028458 0.709251
v -0.264814 0.031358 0.738877
v -0.185972 0.052743 0.841882
v -0.123968 0.052628 0.841988
v -0.247985 0.052868 0.841758
v -0.232878 0.065369 0.876576
v -0.174659 0.065184 0.876792
v -0.116439 0.065015 0.876982
v -0.158047 0.079473 0.912256
v -0.105596 0.079386 0.912637
v -0.209833 0.079746 0.912243
v -0.176036 0.094146 0.945950
v -0.137404 0.093139 0.944173
v -0.093455 0.093536 0.945483
v -0.117887 0.102510 0.965439
v -0.083915 0.105331 0.971941
v -0.130770 0.106485 0.974034
v -0.082439 0.114871 0.992836
v -0.042444 0.106663 0.975098
v -0.047106 0.093840 0.946520
v -0.039314 0.118252 1.000385
v 0.000000 0.118735 1.001463
v -0.052845 0.079315 0.912937
v -0.058219 0.064883 0.877120
v -0.061980 0.052539 0.842061
v -0.064175 0.042880 0.807274
v -0.065852 0.028163 0.709251
v -0.066087 0.025241 0.679795
v -0.065609 0.031352 0.738884
v -0.067070 0.019194 0.559667
v -0.067255 0.019468 0.470343
v -0.066942 0.018773 0.583042
v -0.066803 0.018372 0.597795
v -0.066614 0.019106 0.618661
v -0.066357 0.021807 0.647814
v -0.067516 0.019644 0.269582
v -0.065209 0.035995 0.772127
v 0.131548 0.012808 -0.737443
v 0.196406 0.017577 -0.771513
v 0.198025 0.012806 -0.737412
v 0.262390 0.017579 -0.771475
v 0.264825 0.012804 -0.737378
v 0.257245 0.024794 -0.807744
v 0.130633 0.017570 -0.771508
v 0.192807 0.024770 -0.807864
v 0.203427 0.015023 -0.466419
v 0.136635 0.005688 -0.265821
v 0.136038 0.004941 -0.466521
v 0.204048 0.017152 -0.265769
v 0.136943 0.006055 0.001858
v 0.269969 0.032456 -0.265755
v 0.204356 0.018250 0.001858
v 0.269556 0.028496 -0.466396
v 0.134053 0.002362 -0.615375
v 0.200140 0.006759 -0.644305
v 0.201039 0.007104 -0.614122
v 0.266815 0.010268 -0.643711
v 0.267550 0.013562 -0.613427
v 0.266214 0.008876 -0.676534
v 0.133293 0.004223 -0.645339
v 0.199346 0.007754 -0.676937
v 0.135147 0.003388 -0.578276
v 0.201795 0.009070 -0.591943
v 0.202382 0.011410 -0.577262
v 0.268193 0.018050 -0.591190
v 0.268711 0.022151 -0.576753
v 0.134676 0.002395 -0.593311
v 0.202879 0.013199 -0.555139
v 0.269140 0.025225 -0.554978
v 0.135551 0.004215 -0.555516
v 0.132587 0.006965 -0.677604
v 0.198777 0.009690 -0.707066
v 0.265778 0.009820 -0.706907
v 0.132065 0.009609 -0.707312
v 0.128437 0.024723 -0.807866
v 0.186017 0.034938 -0.843861
v 0.248029 0.035029 -0.843632
v 0.232949 0.047871 -0.879422
v 0.124006 0.034810 -0.843922
v 0.174730 0.047723 -0.879731
v 0.116498 0.047543 -0.879892
v 0.158132 0.062238 -0.915754
v 0.209923 0.062479 -0.915663
v 0.176137 0.077020 -0.949701
v 0.105663 0.062148 -0.916127
v 0.137492 0.076036 -0.947975
v 0.093515 0.076432 -0.949283
v 0.117962 0.085475 -0.969395
v 0.130866 0.089456 -0.978003
v 0.082490 0.097881 -0.996890
v 0.083969 0.088310 -0.975925
v -0.000000 0.076769 -0.950552
v 0.042473 0.089649 -0.979100
v 0.047144 0.076744 -0.950339
v -0.000000 0.089833 -0.979597
v 0.039337 0.101269 -1.004455
v -0.000000 0.047344 -0.880052
v 0.052888 0.062077 -0.916426
v 0.058256 0.047402 -0.880008
v -0.000000 0.062033 -0.916521
v -0.000000 0.024672 -0.807863
v 0.062002 0.034710 -0.843960
v 0.064184 0.024687 -0.807864
v -0.000000 0.034669 -0.843973
v -0.000000 0.006611 -0.678020
v 0.065869 0.009578 -0.707435
v 0.066158 0.006651 -0.677936
v -0.000000 0.009574 -0.707466
v 0.065611 0.012809 -0.737459
v -0.000000 0.000204 -0.466593
v 0.067652 0.000517 -0.555712
v 0.067908 0.000791 -0.466577
v -0.000000 -0.000007 -0.555765
v 0.067452 0.000101 -0.578798
v -0.000000 -0.000366 -0.578935
v 0.067224 -0.000318 -0.594014
v -0.000000 -0.000700 -0.594196
v 0.066918 0.000447 -0.616009
v -0.000000 0.000181 -0.616173
v 0.066533 0.003207 -0.645856
v -0.000000 0.003069 -0.645988
v -0.000000 0.000301 -0.265857
v 0.068241 0.000968 -0.265849
v 0.000000 0.000325 0.001858
v 0.068416 0.001034 0.001858
v -0.000000 0.012809 -0.737463
v 0.065211 0.017564 -0.771503
v -0.000000 0.017562 -0.771501
v -0.131549 0.012808 -0.737443
v -0.196406 0.017578 -0.771513
v -0.130633 0.017570 -0.771507
v -0.192808 0.024770 -0.807864
v -0.128438 0.024723 -0.807865
v -0.257246 0.024794 -0.807743
v -0.198026 0.012806 -0.737412
v -0.262390 0.017579 -0.771475
v -0.136636 0.005688 -0.265821
v -0.203427 0.015023 -0.466419
v -0.136038 0.004941 -0.466521
v -0.204049 0.017152 -0.265768
v -0.269557 0.028497 -0.466396
v -0.204356 0.018250 0.001858
v -0.269969 0.032456 -0.265755
v -0.136943 0.006055 0.001858
v -0.134054 0.002362 -0.615375
v -0.200140 0.006759 -0.644304
v -0.133294 0.004223 -0.645339
v -0.199346 0.007754 -0.676937
v -0.132587 0.006965 -0.677604
v -0.266214 0.008876 -0.676534
v -0.201039 0.007104 -0.614122
v -0.266816 0.010268 -0.643710
v -0.135148 0.003388 -0.578276
v -0.201795 0.009070 -0.591942
v -0.134676 0.002395 -0.593311
v -0.267551 0.013562 -0.613426
v -0.202383 0.011410 -0.577262
v -0.268193 0.018050 -0.591190
v -0.202880 0.013200 -0.555139
v -0.135552 0.004215 -0.555516
v -0.268711 0.022151 -0.576753
v -0.269140 0.025225 -0.554978
v -0.198778 0.009690 -0.707066
v -0.132066 0.009609 -0.707312
v -0.264826 0.012804 -0.737378
v -0.265778 0.009820 -0.706906
v -0.186018 0.034939 -0.843861
v -0.124007 0.034810 -0.843922
v -0.174730 0.047723 -0.879731
v -0.116499 0.047543 -0.879892
v -0.232950 0.047872 -0.879422
v -0.248029 0.035029 -0.843632
v -0.158133 0.062238 -0.915754
v -0.105664 0.062148 -0.916127
v -0.137493 0.076036 -0.947975
v -0.093515 0.076432 -0.949283
v -0.176138 0.077020 -0.949700
v -0.209924 0.062479 -0.915663
v -0.117963 0.085475 -0.969395
v -0.083970 0.088310 -0.975925
v -0.082491 0.097881 -0.996890
v -0.130867 0.089456 -0.978003
v -0.042474 0.089649 -0.979100
v -0.039338 0.101269 -1.004455
v -0.000000 0.101756 -1.005541
v -0.047145 0.076744 -0.950339
v -0.052888 0.062077 -0.916426
v -0.058256 0.047402 -0.880008
v -0.062003 0.034710 -0.843960
v -0.064185 0.024687 -0.807864
v -0.065870 0.009578 -0.707435
v -0.065612 0.012809 -0.737459
v -0.066159 0.006651 -0.677936
v -0.067652 0.000517 -0.555712
v -0.067452 0.000101 -0.578798
v -0.067909 0.000791 -0.466577
v -0.067224 -0.000318 -0.594014
v -0.066919 0.000447 -0.616009
v -0.066533 0.003207 -0.645856
v -0.068241 0.000968 -0.265849
v -0.068416 0.001034 0.001858
v -0.065211 0.017564 -0.771503
v 0.131549 0.012808 0.741158
v 0.196406 0.017578 0.775228
v 0.130633 0.017570 0.775223
v 0.192808 0.024771 0.811579
v 0.128438 0.024723 0.811581
v 0.257246 0.024794 0.811459
v 0.198026 0.012806 0.741127
v 0.262390 0.017579 0.775190
v 0.136636 0.005688 0.269536
v 0.203427 0.015023 0.470134
v 0.136038 0.004942 0.470237
v 0.204049 0.017152 0.269484
v 0.269557 0.028497 0.470111
v 0.269969 0.032456 0.269470
v 0.134054 0.002362 0.619090
v 0.200140 0.006759 0.648020
v 0.133294 0.004224 0.649054
v 0.199346 0.007755 0.680652
v 0.132587 0.006965 0.681319
v 0.266214 0.008877 0.680249
v 0.201039 0.007104 0.617837
v 0.266816 0.010268 0.647426
v 0.135148 0.003389 0.581991
v 0.201795 0.009070 0.595658
v 0.134676 0.002395 0.597026
v 0.267551 0.013562 0.617142
v 0.202383 0.011411 0.580977
v 0.268193 0.018050 0.594905
v 0.202880 0.013200 0.558854
v 0.135552 0.004215 0.559231
v 0.268711 0.022151 0.580468
v 0.269140 0.025225 0.558693
v 0.198778 0.009691 0.710782
v 0.132066 0.009609 0.711028
v 0.264826 0.012805 0.741093
v 0.265778 0.009820 0.710622
v 0.186018 0.034939 0.847576
v 0.124007 0.034810 0.847637
v 0.174730 0.047724 0.883446
v 0.116499 0.047543 0.883607
v 0.232950 0.047872 0.883137
v 0.248029 0.035030 0.847347
v 0.158133 0.062239 0.919470
v 0.105664 0.062149 0.919842
v 0.137493 0.076036 0.951690
v 0.093515 0.076432 0.952998
v 0.176138 0.077021 0.953416
v 0.209924 0.062479 0.919379
v 0.117963 0.085475 0.973110
v 0.083970 0.088310 0.979640
v 0.082491 0.097882 1.000605
v 0.130867 0.089457 0.981718
v 0.000000 0.076769 0.954267
v 0.042474 0.089650 0.982815
v 0.000000 0.089833 0.983312
v 0.039338 0.101270 1.008170
v 0.000000 0.101756 1.009256
v 0.047145 0.076744 0.954054
v 0.000000 0.047344 0.883767
v 0.052888 0.062077 0.920142
v 0.000000 0.062034 0.920237
v 0.058257 0.047402 0.883723
v 0.000000 0.024673 0.811578
v 0.062003 0.034710 0.847676
v 0.000000 0.034670 0.847689
v 0.064185 0.024687 0.811579
v 0.000000 0.006611 0.681735
v 0.065870 0.009578 0.711150
v 0.000000 0.009575 0.711181
v 0.065612 0.012809 0.741174
v 0.000000 0.012809 0.741178
v 0.066159 0.006652 0.681651
v 0.000000 0.000204 0.470308
v 0.067652 0.000518 0.559427
v 0.000000 -0.000006 0.559480
v 0.067452 0.000101 0.582514
v 0.000000 -0.000366 0.582650
v 0.067909 0.000791 0.470292
v 0.067224 -0.000317 0.597729
v 0.000000 -0.000700 0.597911
v 0.066919 0.000447 0.619725
v 0.000000 0.000181 0.619888
v 0.066533 0.003208 0.649572
v 0.000000 0.003070 0.649703
v 0.000000 0.000301 0.269573
v 0.068241 0.000968 0.269564
v 0.065211 0.017564 0.775218
v 0.000000 0.017562 0.775216
v -0.131548 0.012808 0.741158
v -0.196406 0.017578 0.775228
v -0.198025 0.012806 0.741127
v -0.262390 0.017579 0.775190
v -0.264825 0.012805 0.741094
v -0.257245 0.024794 0.811459
v -0.130633 0.017570 0.775223
v -0.192807 0.024771 0.811579
v -0.203427 0.015023 0.470134
v -0.136635 0.005688 0.269537
v -0.136038 0.004942 0.470237
v -0.204048 0.017152 0.269484
v -0.269969 0.032456 0.269470
v -0.269556 0.028497 0.470111
v -0.134053 0.002362 0.619091
v -0.200140 0.006760 0.648020
v -0.201039 0.007104 0.617837
v -0.266815 0.010268 0.647426
v -0.267550 0.013562 0.617142
v -0.266214 0.008877 0.680249
v -0.133293 0.004224 0.649054
v -0.199346 0.007755 0.680652
v -0.135147 0.003389 0.581991
v -0.201795 0.009070 0.595658
v -0.202382 0.011411 0.580977
v -0.268193 0.018050 0.594905
v -0.268711 0.022151 0.580469
v -0.134676 0.002395 0.597026
v -0.202879 0.013200 0.558854
v -0.269140 0.025225 0.558693
v -0.135551 0.004215 0.559232
v -0.132587 0.006965 0.681319
v -0.198777 0.009691 0.710782
v -0.265778 0.009820 0.710622
v -0.132065 0.009609 0.711028
v -0.128437 0.024723 0.811581
v -0.186017 0.034939 0.847576
v -0.248029 0.035030 0.847348
v -0.232949 0.047872 0.883137
v -0.124006 0.034810 0.847637
v -0.174730 0.047724 0.883446
v -0.116498 0.047544 0.883608
v -0.158132 0.062239 0.919470
v -0.209923 0.062480 0.919379
v -0.176137 0.077021 0.953416
v -0.105663 0.062149 0.919842
v -0.137492 0.076036 0.951690
v -0.093515 0.076432 0.952998
v -0.117962 0.085475 0.973110
v -0.130866 0.089457 0.981718
v -0.082490 0.097882 1.000606
v -0.083969 0.088310 0.979641
v -0.042473 0.089650 0.982815
v -0.047144 0.076744 0.954054
v -0.039337 0.101270 1.008170
v -0.052888 0.062077 0.920142
v -0.058256 0.047402 0.883723
v -0.062002 0.034710 0.847676
v -0.064184 0.024687 0.811579
v -0.065869 0.009578 0.711150
v -0.066158 0.006652 0.681651
v -0.065611 0.012809 0.741174
v -0.067652 0.000518 0.559427
v -0.067908 0.000791 0.470292
v -0.067452 0.000101 0.582514
v -0.067224 -0.000317 0.597729
v -0.066918 0.000447 0.619725
v -0.066533 0.003208 0.649572
v -0.068241 0.000968 0.269564
v -0.065211 0.017564 0.775218
v 0.269948 0.022123 -0.736528
v 0.262390 0.017579 -0.771475
v 0.267494 0.026895 -0.770470
v 0.257245 0.024794 -0.807744
v 0.262275 0.034136 -0.806559
v 0.271435 0.019880 -0.644094
v 0.267550 0.013562 -0.613427
v 0.266815 0.010268 -0.643711
v 0.271141 0.018351 -0.676391
v 0.266214 0.008876 -0.676534
v 0.272894 0.042692 -0.265866
v 0.270157 0.034523 0.001858
v 0.269969 0.032456 -0.265755
v 0.272709 0.038677 -0.466626
v 0.269556 0.028496 -0.466396
v 0.272089 0.027793 -0.593067
v 0.268711 0.022151 -0.576753
v 0.268193 0.018050 -0.591190
v 0.271788 0.023285 -0.614512
v 0.269140 0.025225 -0.554978
v 0.272524 0.035312 -0.555696
v 0.272329 0.032044 -0.578432
v 0.270862 0.019190 -0.706320
v 0.265778 0.009820 -0.706907
v 0.264825 0.012804 -0.737378
v 0.248029 0.035029 -0.843632
v 0.252890 0.044438 -0.842349
v 0.232949 0.047871 -0.879422
v 0.237517 0.057431 -0.878269
v 0.209923 0.062479 -0.915663
v 0.213999 0.072296 -0.914922
v 0.176137 0.077020 -0.949701
v 0.179445 0.087149 -0.949523
v 0.133282 0.099827 -0.978266
v 0.130866 0.089456 -0.978003
v 0.082490 0.097881 -0.996890
v 0.083965 0.108419 -0.997472
v 0.039889 0.111888 -1.005202
v 0.039337 0.101269 -1.004455
v -0.000000 0.112386 -1.006312
v -0.000000 0.101756 -1.005541
v -0.269949 0.022123 -0.736527
v -0.262390 0.017579 -0.771475
v -0.264826 0.012804 -0.737378
v -0.267494 0.026895 -0.770469
v -0.257246 0.024794 -0.807743
v -0.271436 0.019880 -0.644094
v -0.267551 0.013562 -0.613426
v -0.271789 0.023285 -0.614512
v -0.271141 0.018351 -0.676391
v -0.266816 0.010268 -0.643710
v -0.272895 0.042692 -0.265866
v -0.270157 0.034523 0.001858
v -0.272979 0.044778 0.001858
v -0.272710 0.038677 -0.466626
v -0.269969 0.032456 -0.265755
v -0.272090 0.027793 -0.593067
v -0.268711 0.022151 -0.576753
v -0.272329 0.032044 -0.578431
v -0.268193 0.018050 -0.591190
v -0.269140 0.025225 -0.554978
v -0.269557 0.028497 -0.466396
v -0.272524 0.035312 -0.555695
v -0.270862 0.019190 -0.706320
v -0.266214 0.008876 -0.676534
v -0.265778 0.009820 -0.706906
v -0.262276 0.034136 -0.806558
v -0.248029 0.035029 -0.843632
v -0.252891 0.044438 -0.842349
v -0.232950 0.047872 -0.879422
v -0.237518 0.057431 -0.878269
v -0.209924 0.062479 -0.915663
v -0.214000 0.072296 -0.914921
v -0.176138 0.077020 -0.949700
v -0.133283 0.099827 -0.978266
v -0.179446 0.087149 -0.949523
v -0.082491 0.097881 -0.996890
v -0.130867 0.089456 -0.978003
v -0.039889 0.111888 -1.005202
v -0.083966 0.108419 -0.997472
v -0.039338 0.101269 -1.004455
v 0.269949 0.022123 0.740243
v 0.262390 0.017579 0.775190
v 0.264826 0.012805 0.741093
v 0.267494 0.026896 0.774185
v 0.257246 0.024794 0.811459
v 0.271436 0.019880 0.647809
v 0.267551 0.013562 0.617142
v 0.271789 0.023285 0.618227
v 0.271141 0.018351 0.680106
v 0.266816 0.010268 0.647426
v 0.272895 0.042692 0.269581
v 0.272979 0.044778 0.001858
v 0.272710 0.038677 0.470341
v 0.269969 0.032456 0.269470
v 0.272090 0.027794 0.596782
v 0.268711 0.022151 0.580468
v 0.272329 0.032045 0.582147
v 0.268193 0.018050 0.594905
v 0.269140 0.025225 0.558693
v 0.269557 0.028497 0.470111
v 0.272524 0.035312 0.559411
v 0.270862 0.019191 0.710035
v 0.266214 0.008877 0.680249
v 0.265778 0.009820 0.710622
v 0.262276 0.034137 0.810274
v 0.248029 0.035030 0.847347
v 0.252891 0.044438 0.846064
v 0.232950 0.047872 0.883137
v 0.237518 0.057431 0.881984
v 0.209924 0.062479 0.919379
v 0.214000 0.072296 0.918637
v 0.176138 0.077021 0.953416
v 0.133283 0.099828 0.981981
v 0.179446 0.087149 0.953238
v 0.082491 0.097882 1.000605
v 0.130867 0.089457 0.981718
v 0.039890 0.111888 1.008918
v 0.083966 0.108419 1.001187
v 0.000000 0.112387 1.010028
v 0.039338 0.101270 1.008170
v -0.269948 0.022123 0.740243
v -0.262390 0.017579 0.775190
v -0.267494 0.026896 0.774185
v -0.257245 0.024794 0.811459
v -0.262275 0.034137 0.810274
v -0.271435 0.019880 0.647810
v -0.267550 0.013562 0.617142
v -0.266815 0.010268 0.647426
v -0.271141 0.018352 0.680106
v -0.266214 0.008877 0.680249
v -0.272895 0.042692 0.269581
v -0.269969 0.032456 0.269470
v -0.272709 0.038677 0.470342
v -0.269556 0.028497 0.470111
v -0.272089 0.027794 0.596782
v -0.268711 0.022151 0.580469
v -0.268193 0.018050 0.594905
v -0.271788 0.023285 0.618227
v -0.269140 0.025225 0.558693
v -0.272524 0.035313 0.559411
v -0.272329 0.032045 0.582147
v -0.270862 0.019191 0.710035
v -0.265778 0.009820 0.710622
v -0.264825 0.012805 0.741094
v -0.248029 0.035030 0.847348
v -0.252890 0.044438 0.846064
v -0.232949 0.047872 0.883137
v -0.237517 0.057431 0.881984
v -0.209923 0.062480 0.919379
v -0.213999 0.072296 0.918637
v -0.176137 0.077021 0.953416
v -0.179445 0.087149 0.953238
v -0.133282 0.099828 0.981982
v -0.130866 0.089457 0.981718
v -0.082490 0.097882 1.000606
v -0.083965 0.108419 1.001187
v -0.039889 0.111888 1.008918
v -0.039337 0.101270 1.008170
v 0.000000 0.101756 1.009256
v -0.039314 0.118252 1.000385
v 0.000000 0.118735 1.001463
v -0.082439 0.114871 0.992836
v -0.176036 0.094146 0.945950
v -0.130770 0.106485 0.974034
v -0.209833 0.079746 0.912243
v -0.232878 0.065369 0.876576
v -0.247985 0.052868 0.841758
v -0.257227 0.042994 0.807174
v -0.264814 0.031358 0.738877
v -0.265678 0.028458 0.709251
v -0.265801 0.040402 0.583380
v -0.265801 0.046795 0.470498
v -0.265801 0.043580 0.559917
v -0.265801 0.032087 0.619021
v -0.265801 0.036299 0.598187
v -0.265801 0.050667 0.269655
v -0.265801 0.027558 0.679861
v -0.265801 0.028923 0.648032
v -0.262385 0.036013 0.772111
v 0.039315 0.118252 1.000385
v 0.082440 0.114871 0.992836
v 0.130771 0.106485 0.974034
v 0.176037 0.094146 0.945950
v 0.209834 0.079746 0.912243
v 0.232879 0.065369 0.876576
v 0.247986 0.052868 0.841758
v 0.257228 0.042994 0.807173
v 0.264814 0.031358 0.738877
v 0.265678 0.028458 0.709250
v 0.265802 0.027558 0.679860
v 0.265802 0.040402 0.583379
v 0.265801 0.043580 0.559917
v 0.265801 0.046795 0.470498
v 0.265802 0.032086 0.619020
v 0.265802 0.036299 0.598186
v 0.265801 0.050667 0.269655
v 0.265801 0.052690 0.001858
v 0.265802 0.028923 0.648032
v 0.262385 0.036013 0.772110
v -0.039315 0.118251 -0.996670
v -0.082440 0.114871 -0.989121
v -0.130771 0.106484 -0.970318
v -0.176037 0.094146 -0.942234
v -0.209834 0.079746 -0.908528
v -0.232879 0.065368 -0.872861
v -0.247986 0.052868 -0.838042
v -0.257228 0.042994 -0.803458
v -0.264815 0.031358 -0.735162
v -0.265678 0.028458 -0.705535
v -0.265802 0.027557 -0.676145
v -0.265802 0.040402 -0.579664
v -0.265802 0.043580 -0.556201
v -0.265802 0.046795 -0.466783
v -0.265802 0.032086 -0.615305
v -0.265802 0.036299 -0.594471
v -0.265801 0.050667 -0.265940
v -0.265801 0.052690 0.001858
v -0.265802 0.028922 -0.644317
v -0.262385 0.036013 -0.768395
v 0.039314 0.118251 -0.996670
v -0.000000 0.118734 -0.997748
v 0.082439 0.114871 -0.989121
v 0.176036 0.094146 -0.942235
v 0.130770 0.106484 -0.970319
v 0.209833 0.079746 -0.908528
v 0.232878 0.065368 -0.872861
v 0.247985 0.052867 -0.838043
v 0.257227 0.042994 -0.803458
v 0.264814 0.031358 -0.735162
v 0.265678 0.028458 -0.705535
v 0.265801 0.040402 -0.579664
v 0.265801 0.046794 -0.466783
v 0.265801 0.043580 -0.556202
v 0.265801 0.032086 -0.615305
v 0.265801 0.036298 -0.594471
v 0.265801 0.050667 -0.265940
v 0.265801 0.027557 -0.676145
v 0.265801 0.028922 -0.644317
v 0.262385 0.036013 -0.768395
v 0.265801 0.052690 0.001858
v -0.265801 0.052690 0.001858
v 0.270157 0.034523 0.001858
v -0.270157 0.034523 0.001858
vt 0.596894 0.141390
vt 0.644669 0.125219
vt 0.596221 0.125216
vt 0.645858 0.141391
vt 0.693272 0.125222
vt 0.689473 0.108162
vt 0.642007 0.108142
vt 0.594595 0.108125
vt 0.599036 0.369730
vt 0.647434 0.272013
vt 0.598756 0.272041
vt 0.599188 0.500000
vt 0.647626 0.369717
vt 0.647731 0.500000
vt 0.695788 0.369699
vt 0.695788 0.271976
vt 0.598070 0.199860
vt 0.646773 0.185647
vt 0.597795 0.185685
vt 0.646962 0.199797
vt 0.695788 0.185594
vt 0.695788 0.170108
vt 0.646574 0.170124
vt 0.597505 0.170136
vt 0.598421 0.217193
vt 0.647102 0.209941
vt 0.598273 0.210010
vt 0.647203 0.217133
vt 0.695788 0.209848
vt 0.695788 0.199710
vt 0.647298 0.228528
vt 0.598558 0.228572
vt 0.695788 0.228468
vt 0.695788 0.217052
vt 0.646355 0.155808
vt 0.597241 0.155808
vt 0.695698 0.155808
vt 0.695061 0.141393
vt 0.636987 0.091274
vt 0.591315 0.091222
vt 0.682665 0.091335
vt 0.671538 0.074393
vt 0.628653 0.074288
vt 0.585769 0.074196
vt 0.616417 0.057032
vt 0.577782 0.056847
vt 0.654563 0.057039
vt 0.629668 0.040638
vt 0.601211 0.041503
vt 0.568839 0.040866
vt 0.586835 0.031155
vt 0.561812 0.027992
vt 0.596325 0.026974
vt 0.560725 0.017825
vt 0.500000 0.040260
vt 0.531264 0.026456
vt 0.500000 0.026218
vt 0.534698 0.040361
vt 0.528959 0.014152
vt 0.500000 0.013627
vt 0.500000 0.074103
vt 0.538926 0.056701
vt 0.500000 0.056654
vt 0.542884 0.074129
vt 0.500000 0.108109
vt 0.545654 0.091187
vt 0.500000 0.091174
vt 0.547271 0.108113
vt 0.500000 0.170140
vt 0.548506 0.155807
vt 0.500000 0.155807
vt 0.548679 0.170140
vt 0.548327 0.141389
vt 0.500000 0.141389
vt 0.500000 0.272053
vt 0.549403 0.228590
vt 0.500000 0.228592
vt 0.549540 0.272052
vt 0.549309 0.217217
vt 0.500000 0.217220
vt 0.549207 0.210038
vt 0.500000 0.210042
vt 0.549068 0.199886
vt 0.500000 0.199889
vt 0.548878 0.185701
vt 0.500000 0.185703
vt 0.500000 0.369736
vt 0.500000 0.500000
vt 0.549732 0.369735
vt 0.549837 0.500000
vt 0.548033 0.125214
vt 0.500000 0.125214
vt 0.403106 0.141390
vt 0.355331 0.125219
vt 0.354142 0.141391
vt 0.403779 0.125216
vt 0.357992 0.108142
vt 0.310527 0.108162
vt 0.306728 0.125223
vt 0.304939 0.141393
vt 0.352566 0.272013
vt 0.400964 0.369730
vt 0.401244 0.272041
vt 0.304211 0.271976
vt 0.352374 0.369717
vt 0.304211 0.369699
vt 0.352269 0.500000
vt 0.400811 0.500000
vt 0.401930 0.199860
vt 0.353227 0.185647
vt 0.353038 0.199797
vt 0.402205 0.185685
vt 0.353426 0.170124
vt 0.304211 0.170108
vt 0.304211 0.185595
vt 0.304211 0.199710
vt 0.401579 0.217193
vt 0.352898 0.209941
vt 0.352796 0.217133
vt 0.401727 0.210010
vt 0.304211 0.209848
vt 0.304211 0.217052
vt 0.352702 0.228528
vt 0.401442 0.228572
vt 0.304211 0.228468
vt 0.402495 0.170136
vt 0.353644 0.155808
vt 0.402759 0.155808
vt 0.304302 0.155808
vt 0.405405 0.108125
vt 0.363013 0.091274
vt 0.408685 0.091222
vt 0.371347 0.074288
vt 0.328462 0.074393
vt 0.317335 0.091335
vt 0.414231 0.074196
vt 0.383583 0.057032
vt 0.422218 0.056847
vt 0.398789 0.041503
vt 0.370332 0.040639
vt 0.345437 0.057039
vt 0.431161 0.040866
vt 0.413164 0.031156
vt 0.439275 0.017825
vt 0.438188 0.027992
vt 0.403675 0.026974
vt 0.468736 0.026456
vt 0.465302 0.040361
vt 0.471041 0.014152
vt 0.461074 0.056701
vt 0.457115 0.074129
vt 0.454346 0.091187
vt 0.452729 0.108113
vt 0.451493 0.155807
vt 0.451320 0.170140
vt 0.451672 0.141389
vt 0.450596 0.228590
vt 0.450460 0.272052
vt 0.450691 0.217217
vt 0.450792 0.210038
vt 0.450932 0.199886
vt 0.451121 0.185701
vt 0.450268 0.369735
vt 0.450163 0.500000
vt 0.451967 0.125215
vt 0.596894 0.858610
vt 0.644669 0.874781
vt 0.645858 0.858609
vt 0.596221 0.874784
vt 0.642007 0.891858
vt 0.689473 0.891838
vt 0.693272 0.874778
vt 0.695061 0.858607
vt 0.647434 0.727987
vt 0.599036 0.630270
vt 0.598756 0.727959
vt 0.695789 0.728024
vt 0.647626 0.630283
vt 0.695789 0.630301
vt 0.598070 0.800140
vt 0.646773 0.814353
vt 0.646962 0.800203
vt 0.597795 0.814315
vt 0.646574 0.829876
vt 0.695788 0.829892
vt 0.695789 0.814405
vt 0.695789 0.800290
vt 0.598421 0.782808
vt 0.647102 0.790059
vt 0.647203 0.782867
vt 0.598273 0.789990
vt 0.695789 0.790152
vt 0.695789 0.782948
vt 0.647298 0.771472
vt 0.598558 0.771428
vt 0.695789 0.771532
vt 0.597505 0.829865
vt 0.646355 0.844192
vt 0.597241 0.844192
vt 0.695698 0.844192
vt 0.594595 0.891875
vt 0.636987 0.908726
vt 0.591315 0.908777
vt 0.628653 0.925712
vt 0.671538 0.925607
vt 0.682665 0.908666
vt 0.585769 0.925804
vt 0.616417 0.942968
vt 0.577782 0.943153
vt 0.601211 0.958497
vt 0.629668 0.959361
vt 0.654563 0.942961
vt 0.568839 0.959135
vt 0.586835 0.968844
vt 0.560725 0.982175
vt 0.561812 0.972008
vt 0.596325 0.973026
vt 0.500000 0.959740
vt 0.531264 0.973544
vt 0.534698 0.959639
vt 0.500000 0.973782
vt 0.528959 0.985848
vt 0.500000 0.925897
vt 0.538926 0.943299
vt 0.542884 0.925871
vt 0.500000 0.943346
vt 0.500000 0.891891
vt 0.545654 0.908813
vt 0.547271 0.891887
vt 0.500000 0.908826
vt 0.500000 0.829860
vt 0.548506 0.844193
vt 0.548679 0.829860
vt 0.500000 0.844193
vt 0.548328 0.858611
vt 0.500000 0.727947
vt 0.549404 0.771410
vt 0.549540 0.727948
vt 0.500000 0.771408
vt 0.549309 0.782783
vt 0.500000 0.782780
vt 0.549207 0.789962
vt 0.500000 0.789958
vt 0.549068 0.800114
vt 0.500000 0.800111
vt 0.548879 0.814299
vt 0.500000 0.814297
vt 0.500000 0.630265
vt 0.549732 0.630265
vt 0.500000 0.858611
vt 0.548033 0.874786
vt 0.500000 0.874786
vt 0.403106 0.858610
vt 0.355331 0.874781
vt 0.403779 0.874784
vt 0.354142 0.858609
vt 0.306728 0.874778
vt 0.310527 0.891838
vt 0.357992 0.891858
vt 0.405405 0.891875
vt 0.400964 0.630270
vt 0.352566 0.727987
vt 0.401244 0.727959
vt 0.352374 0.630283
vt 0.304212 0.630301
vt 0.304211 0.728024
vt 0.401930 0.800140
vt 0.353227 0.814353
vt 0.402205 0.814315
vt 0.353038 0.800203
vt 0.304211 0.814406
vt 0.304211 0.829892
vt 0.353426 0.829876
vt 0.402495 0.829865
vt 0.401579 0.782808
vt 0.352898 0.790059
vt 0.401727 0.789990
vt 0.352796 0.782867
vt 0.304211 0.790152
vt 0.304211 0.800290
vt 0.352702 0.771472
vt 0.401442 0.771428
vt 0.304211 0.771532
vt 0.304211 0.782948
vt 0.353645 0.844192
vt 0.402759 0.844192
vt 0.304302 0.844192
vt 0.304938 0.858608
vt 0.363013 0.908726
vt 0.408685 0.908778
vt 0.317335 0.908666
vt 0.328462 0.925607
vt 0.371347 0.925712
vt 0.414231 0.925804
vt 0.383583 0.942968
vt 0.422218 0.943153
vt 0.345437 0.942961
vt 0.370332 0.959362
vt 0.398789 0.958497
vt 0.431161 0.959135
vt 0.413165 0.968844
vt 0.438188 0.972008
vt 0.403675 0.973026
vt 0.439275 0.982175
vt 0.468735 0.973544
vt 0.465302 0.959639
vt 0.471041 0.985848
vt 0.500000 0.986373
vt 0.461074 0.943299
vt 0.457116 0.925871
vt 0.454346 0.908813
vt 0.452729 0.891887
vt 0.451493 0.844193
vt 0.451320 0.829860
vt 0.451672 0.858611
vt 0.450596 0.771410
vt 0.450460 0.727948
vt 0.450691 0.782784
vt 0.450793 0.789962
vt 0.450932 0.800114
vt 0.451121 0.814299
vt 0.450268 0.630265
vt 0.451967 0.874786
vt 0.596898 0.140283
vt 0.644672 0.123705
vt 0.645865 0.140298
vt 0.693276 0.123724
vt 0.695070 0.140314
vt 0.689486 0.106077
vt 0.596224 0.123708
vt 0.642021 0.106018
vt 0.649844 0.272153
vt 0.600645 0.369757
vt 0.600205 0.272103
vt 0.650301 0.369783
vt 0.600871 0.500000
vt 0.698858 0.369789
vt 0.650528 0.500000
vt 0.698555 0.272165
vt 0.598743 0.199677
vt 0.647423 0.185600
vt 0.648085 0.200286
vt 0.696535 0.185890
vt 0.697077 0.200625
vt 0.696092 0.169919
vt 0.598183 0.185097
vt 0.646838 0.169723
vt 0.599549 0.217728
vt 0.648641 0.211078
vt 0.649075 0.218221
vt 0.697550 0.211444
vt 0.697932 0.218469
vt 0.599202 0.210412
vt 0.649440 0.228986
vt 0.698248 0.229064
vt 0.599847 0.228802
vt 0.597663 0.169398
vt 0.646419 0.155063
vt 0.695771 0.155141
vt 0.597279 0.154943
vt 0.594607 0.106018
vt 0.637020 0.088503
vt 0.682697 0.088615
vt 0.671590 0.071201
vt 0.591343 0.088474
vt 0.628706 0.071050
vt 0.585812 0.070972
vt 0.616480 0.053523
vt 0.654629 0.053567
vt 0.629742 0.037006
vt 0.577832 0.053341
vt 0.601277 0.037845
vt 0.568883 0.037209
vt 0.586891 0.027423
vt 0.596396 0.023235
vt 0.560762 0.014045
vt 0.561852 0.024246
vt 0.500000 0.036591
vt 0.531286 0.022701
vt 0.534726 0.036695
vt 0.500000 0.022459
vt 0.528976 0.010364
vt 0.500000 0.070894
vt 0.538957 0.053196
vt 0.542911 0.070916
vt 0.500000 0.053149
vt 0.500000 0.106019
vt 0.545671 0.088455
vt 0.547278 0.106018
vt 0.500000 0.088449
vt 0.500000 0.169196
vt 0.548519 0.154884
vt 0.548732 0.169237
vt 0.500000 0.154868
vt 0.548329 0.140275
vt 0.500000 0.272069
vt 0.549832 0.228706
vt 0.550021 0.272077
vt 0.500000 0.228681
vt 0.549685 0.217474
vt 0.500000 0.217407
vt 0.549517 0.210070
vt 0.500000 0.209982
vt 0.549292 0.199368
vt 0.500000 0.199288
vt 0.549008 0.184846
vt 0.500000 0.184781
vt 0.500000 0.369740
vt 0.550266 0.369743
vt 0.500000 0.500000
vt 0.550395 0.500000
vt 0.500000 0.140273
vt 0.548034 0.123710
vt 0.500000 0.123711
vt 0.403102 0.140283
vt 0.355328 0.123706
vt 0.403776 0.123708
vt 0.357979 0.106018
vt 0.405393 0.106018
vt 0.310514 0.106077
vt 0.354135 0.140298
vt 0.306724 0.123724
vt 0.399355 0.369757
vt 0.350156 0.272153
vt 0.399795 0.272104
vt 0.349698 0.369783
vt 0.301445 0.272165
vt 0.349472 0.500000
vt 0.301142 0.369789
vt 0.399128 0.500000
vt 0.401256 0.199677
vt 0.352577 0.185601
vt 0.401816 0.185097
vt 0.353162 0.169723
vt 0.402337 0.169398
vt 0.303907 0.169919
vt 0.351915 0.200286
vt 0.303464 0.185890
vt 0.400451 0.217728
vt 0.351358 0.211078
vt 0.400798 0.210412
vt 0.302923 0.200625
vt 0.350925 0.218221
vt 0.302450 0.211444
vt 0.350559 0.228986
vt 0.400153 0.228802
vt 0.302068 0.218469
vt 0.301752 0.229064
vt 0.353581 0.155063
vt 0.402721 0.154943
vt 0.304930 0.140314
vt 0.304229 0.155141
vt 0.362980 0.088503
vt 0.408657 0.088474
vt 0.371294 0.071050
vt 0.414188 0.070972
vt 0.328410 0.071201
vt 0.317303 0.088615
vt 0.383520 0.053523
vt 0.422168 0.053341
vt 0.398723 0.037845
vt 0.431117 0.037209
vt 0.370258 0.037006
vt 0.345371 0.053567
vt 0.413109 0.027423
vt 0.438148 0.024246
vt 0.439238 0.014045
vt 0.403604 0.023235
vt 0.468714 0.022701
vt 0.471024 0.010364
vt 0.500000 0.009836
vt 0.465273 0.036695
vt 0.461043 0.053196
vt 0.457089 0.070916
vt 0.454329 0.088455
vt 0.452722 0.106018
vt 0.451481 0.154884
vt 0.451671 0.140275
vt 0.451268 0.169237
vt 0.450168 0.228707
vt 0.450315 0.217474
vt 0.449979 0.272077
vt 0.450483 0.210070
vt 0.450708 0.199368
vt 0.450992 0.184846
vt 0.449734 0.369743
vt 0.449605 0.500000
vt 0.451966 0.123710
vt 0.596898 0.859717
vt 0.644672 0.876294
vt 0.596224 0.876292
vt 0.642021 0.893982
vt 0.594607 0.893982
vt 0.689486 0.893923
vt 0.645865 0.859702
vt 0.693276 0.876276
vt 0.600645 0.630243
vt 0.649844 0.727847
vt 0.600205 0.727897
vt 0.650302 0.630217
vt 0.698555 0.727835
vt 0.698858 0.630211
vt 0.598743 0.800323
vt 0.647423 0.814399
vt 0.598183 0.814903
vt 0.646838 0.830277
vt 0.597663 0.830602
vt 0.696092 0.830081
vt 0.648085 0.799714
vt 0.696536 0.814111
vt 0.599549 0.782272
vt 0.648642 0.788922
vt 0.599202 0.789588
vt 0.697077 0.799375
vt 0.649075 0.781779
vt 0.697550 0.788556
vt 0.649440 0.771015
vt 0.599847 0.771198
vt 0.697932 0.781532
vt 0.698248 0.770936
vt 0.646419 0.844937
vt 0.597279 0.845057
vt 0.695070 0.859686
vt 0.695771 0.844859
vt 0.637020 0.911497
vt 0.591343 0.911526
vt 0.628706 0.928950
vt 0.585812 0.929028
vt 0.671590 0.928799
vt 0.682697 0.911385
vt 0.616480 0.946477
vt 0.577832 0.946659
vt 0.601277 0.962155
vt 0.568883 0.962791
vt 0.629742 0.962994
vt 0.654629 0.946433
vt 0.586891 0.972577
vt 0.561852 0.975755
vt 0.560762 0.985955
vt 0.596396 0.976765
vt 0.500000 0.963409
vt 0.531286 0.977299
vt 0.500000 0.977541
vt 0.528976 0.989636
vt 0.500000 0.990164
vt 0.534727 0.963305
vt 0.500000 0.929106
vt 0.538957 0.946804
vt 0.500000 0.946851
vt 0.542911 0.929084
vt 0.500000 0.893982
vt 0.545671 0.911545
vt 0.500000 0.911551
vt 0.547278 0.893982
vt 0.500000 0.830804
vt 0.548519 0.845116
vt 0.500000 0.845132
vt 0.548329 0.859725
vt 0.500000 0.859727
vt 0.548732 0.830763
vt 0.500000 0.727931
vt 0.549832 0.771294
vt 0.500000 0.771319
vt 0.549685 0.782527
vt 0.500000 0.782593
vt 0.550021 0.727923
vt 0.549517 0.789930
vt 0.500000 0.790019
vt 0.549292 0.800632
vt 0.500000 0.800712
vt 0.549008 0.815155
vt 0.500000 0.815219
vt 0.500000 0.630261
vt 0.550266 0.630257
vt 0.548034 0.876290
vt 0.500000 0.876289
vt 0.403102 0.859717
vt 0.355328 0.876295
vt 0.354135 0.859702
vt 0.306724 0.876276
vt 0.304930 0.859686
vt 0.310514 0.893923
vt 0.403776 0.876292
vt 0.357979 0.893982
vt 0.350156 0.727847
vt 0.399355 0.630243
vt 0.399795 0.727897
vt 0.349698 0.630217
vt 0.301142 0.630211
vt 0.301445 0.727836
vt 0.401256 0.800324
vt 0.352577 0.814400
vt 0.351915 0.799714
vt 0.303464 0.814111
vt 0.302923 0.799375
vt 0.303907 0.830081
vt 0.401816 0.814903
vt 0.353162 0.830277
vt 0.400451 0.782272
vt 0.351358 0.788922
vt 0.350925 0.781779
vt 0.302450 0.788556
vt 0.302068 0.781532
vt 0.400798 0.789588
vt 0.350560 0.771015
vt 0.301752 0.770936
vt 0.400153 0.771198
vt 0.402337 0.830602
vt 0.353581 0.844937
vt 0.304229 0.844860
vt 0.402721 0.845057
vt 0.405393 0.893982
vt 0.362980 0.911497
vt 0.317303 0.911385
vt 0.328410 0.928800
vt 0.408657 0.911526
vt 0.371294 0.928950
vt 0.414187 0.929028
vt 0.383520 0.946477
vt 0.345371 0.946433
vt 0.370258 0.962994
vt 0.422168 0.946659
vt 0.398723 0.962155
vt 0.431117 0.962791
vt 0.413109 0.972577
vt 0.403604 0.976765
vt 0.439238 0.985955
vt 0.438148 0.975755
vt 0.468714 0.977299
vt 0.465273 0.963305
vt 0.471024 0.989636
vt 0.461043 0.946804
vt 0.457089 0.929084
vt 0.454329 0.911545
vt 0.452722 0.893982
vt 0.451481 0.845116
vt 0.451268 0.830763
vt 0.451671 0.859725
vt 0.450168 0.771294
vt 0.449979 0.727924
vt 0.450315 0.782527
vt 0.450483 0.789930
vt 0.450708 0.800632
vt 0.450992 0.815155
vt 0.449734 0.630257
vt 0.451965 0.876290
vt 0.698843 0.140728
vt 0.693276 0.123724
vt 0.697035 0.124213
vt 0.689486 0.106077
vt 0.693192 0.106653
vt 0.699938 0.185703
vt 0.697077 0.200625
vt 0.696535 0.185890
vt 0.699722 0.169988
vt 0.696092 0.169919
vt 0.701013 0.369735
vt 0.698997 0.500000
vt 0.698858 0.369789
vt 0.700877 0.272052
vt 0.698555 0.272165
vt 0.700420 0.210531
vt 0.697932 0.218469
vt 0.697550 0.211444
vt 0.700199 0.200096
vt 0.698248 0.229064
vt 0.700740 0.228715
vt 0.700597 0.217652
vt 0.699516 0.155426
vt 0.695771 0.155141
vt 0.695070 0.140314
vt 0.682697 0.088615
vt 0.686278 0.089239
vt 0.671590 0.071201
vt 0.674955 0.071762
vt 0.654629 0.053567
vt 0.657632 0.053928
vt 0.629742 0.037006
vt 0.632179 0.037092
vt 0.598175 0.023107
vt 0.596396 0.023235
vt 0.560762 0.014045
vt 0.561849 0.013762
vt 0.529382 0.010001
vt 0.528976 0.010364
vt 0.500000 0.009461
vt 0.500000 0.009836
vt 0.301156 0.140728
vt 0.306724 0.123724
vt 0.304930 0.140314
vt 0.302965 0.124213
vt 0.310514 0.106077
vt 0.300061 0.185703
vt 0.302923 0.200625
vt 0.299801 0.200097
vt 0.300278 0.169989
vt 0.303464 0.185890
vt 0.298987 0.369735
vt 0.301003 0.500000
vt 0.298924 0.500000
vt 0.299123 0.272053
vt 0.301142 0.369789
vt 0.299579 0.210531
vt 0.302068 0.218469
vt 0.299403 0.217652
vt 0.302450 0.211444
vt 0.301752 0.229064
vt 0.301445 0.272165
vt 0.299260 0.228715
vt 0.300484 0.155426
vt 0.303907 0.169919
vt 0.304229 0.155141
vt 0.306808 0.106653
vt 0.317303 0.088615
vt 0.313721 0.089239
vt 0.328410 0.071201
vt 0.325045 0.071762
vt 0.345371 0.053567
vt 0.342368 0.053928
vt 0.370258 0.037006
vt 0.401825 0.023107
vt 0.367821 0.037092
vt 0.439238 0.014045
vt 0.403604 0.023235
vt 0.470618 0.010001
vt 0.438151 0.013762
vt 0.471024 0.010364
vt 0.698843 0.859272
vt 0.693276 0.876276
vt 0.695070 0.859686
vt 0.697035 0.875787
vt 0.689486 0.893923
vt 0.699939 0.814297
vt 0.697077 0.799375
vt 0.700199 0.799904
vt 0.699722 0.830012
vt 0.696536 0.814111
vt 0.701013 0.630265
vt 0.701076 0.500000
vt 0.700877 0.727948
vt 0.698858 0.630211
vt 0.700420 0.789469
vt 0.697932 0.781532
vt 0.700597 0.782348
vt 0.697550 0.788556
vt 0.698248 0.770936
vt 0.698555 0.727835
vt 0.700740 0.771285
vt 0.699516 0.844574
vt 0.696092 0.830081
vt 0.695771 0.844859
vt 0.693192 0.893347
vt 0.682697 0.911385
vt 0.686279 0.910761
vt 0.671590 0.928799
vt 0.674955 0.928238
vt 0.654629 0.946433
vt 0.657632 0.946072
vt 0.629742 0.962994
vt 0.598175 0.976893
vt 0.632179 0.962908
vt 0.560762 0.985955
vt 0.596396 0.976765
vt 0.529382 0.990000
vt 0.561849 0.986238
vt 0.500000 0.990540
vt 0.528976 0.989636
vt 0.301156 0.859272
vt 0.306724 0.876276
vt 0.302964 0.875787
vt 0.310514 0.893923
vt 0.306808 0.893347
vt 0.300061 0.814297
vt 0.302923 0.799375
vt 0.303464 0.814111
vt 0.300278 0.830012
vt 0.303907 0.830081
vt 0.298987 0.630265
vt 0.301142 0.630211
vt 0.299123 0.727948
vt 0.301445 0.727836
vt 0.299580 0.789469
vt 0.302068 0.781532
vt 0.302450 0.788556
vt 0.299801 0.799904
vt 0.301752 0.770936
vt 0.299260 0.771286
vt 0.299403 0.782348
vt 0.300484 0.844574
vt 0.304229 0.844860
vt 0.304930 0.859686
vt 0.317303 0.911385
vt 0.313721 0.910761
vt 0.328410 0.928800
vt 0.325045 0.928238
vt 0.345371 0.946433
vt 0.342368 0.946072
vt 0.370258 0.962994
vt 0.367821 0.962908
vt 0.401825 0.976893
vt 0.403604 0.976765
vt 0.439238 0.985955
vt 0.438151 0.986238
vt 0.470618 0.990000
vt 0.471024 0.989636
vt 0.500000 0.990164
vt 0.471041 0.985848
vt 0.500000 0.986373
vt 0.439275 0.982175
vt 0.370332 0.959362
vt 0.403675 0.973026
vt 0.345437 0.942961
vt 0.328462 0.925607
vt 0.317335 0.908666
vt 0.310527 0.891838
vt 0.304938 0.858608
vt 0.304302 0.844192
vt 0.304211 0.782948
vt 0.304211 0.728024
vt 0.304211 0.771532
vt 0.304211 0.800290
vt 0.304211 0.790152
vt 0.304212 0.630301
vt 0.304211 0.829892
vt 0.304211 0.814406
vt 0.306728 0.874778
vt 0.528959 0.985848
vt 0.560725 0.982175
vt 0.596325 0.973026
vt 0.629668 0.959361
vt 0.654563 0.942961
vt 0.671538 0.925607
vt 0.682665 0.908666
vt 0.689473 0.891838
vt 0.695061 0.858607
vt 0.695698 0.844192
vt 0.695788 0.829892
vt 0.695789 0.782948
vt 0.695789 0.771532
vt 0.695789 0.728024
vt 0.695789 0.800290
vt 0.695789 0.790152
vt 0.695789 0.630301
vt 0.695788 0.500000
vt 0.695789 0.814405
vt 0.693272 0.874778
vt 0.471041 0.014152
vt 0.439275 0.017825
vt 0.403675 0.026974
vt 0.370332 0.040639
vt 0.345437 0.057039
vt 0.328462 0.074393
vt 0.317335 0.091335
vt 0.310527 0.108162
vt 0.304939 0.141393
vt 0.304302 0.155808
vt 0.304211 0.170108
vt 0.304211 0.217052
vt 0.304211 0.228468
vt 0.304211 0.271976
vt 0.304211 0.199710
vt 0.304211 0.209848
vt 0.304211 0.369699
vt 0.304211 0.500000
vt 0.304211 0.185595
vt 0.306728 0.125223
vt 0.528959 0.014152
vt 0.500000 0.013627
vt 0.560725 0.017825
vt 0.629668 0.040638
vt 0.596325 0.026974
vt 0.654563 0.057039
vt 0.671538 0.074393
vt 0.682665 0.091335
vt 0.689473 0.108162
vt 0.695061 0.141393
vt 0.695698 0.155808
vt 0.695788 0.217052
vt 0.695788 0.271976
vt 0.695788 0.228468
vt 0.695788 0.199710
vt 0.695788 0.209848
vt 0.695788 0.369699
vt 0.695788 0.170108
vt 0.695788 0.185594
vt 0.693272 0.125222
vt 0.695788 0.500000
vt 0.304211 0.500000
vt 0.698997 0.500000
vt 0.301003 0.500000
vn -0.0002 0.9925 0.1221
vn -0.0002 0.9860 0.1665
vn -0.0002 0.9861 0.1659
vn -0.0003 0.9927 0.1206
vn -0.0001 0.9863 0.1651
vn -0.0005 0.9732 0.2298
vn -0.0010 0.9724 0.2335
vn -0.0008 0.9728 0.2316
vn -0.1176 0.9931 -0.0034
vn -0.1727 0.9849 -0.0156
vn -0.1033 0.9946 -0.0067
vn -0.1250 0.9922 -0.0000
vn -0.1961 0.9806 -0.0081
vn -0.2082 0.9781 -0.0000
vn -0.2273 0.9738 -0.0115
vn -0.2023 0.9790 -0.0234
vn -0.0461 0.9985 0.0287
vn -0.0450 0.9989 0.0103
vn -0.0249 0.9971 0.0721
vn -0.0804 0.9955 -0.0493
vn -0.0682 0.9957 -0.0626
vn -0.0296 0.9996 0.0044
vn -0.0167 0.9986 0.0493
vn -0.0087 0.9962 0.0868
vn -0.0797 0.9955 -0.0512
vn -0.1108 0.9865 -0.1201
vn -0.0650 0.9973 -0.0342
vn -0.1344 0.9842 -0.1156
vn -0.1402 0.9647 -0.2230
vn -0.1093 0.9838 -0.1419
vn -0.1529 0.9870 -0.0491
vn -0.0911 0.9956 -0.0228
vn -0.1823 0.9801 -0.0786
vn -0.1639 0.9678 -0.1912
vn -0.0035 0.9964 0.0845
vn -0.0017 0.9952 0.0976
vn -0.0076 0.9976 0.0682
vn -0.0008 0.9930 0.1181
vn -0.0024 0.9525 0.3046
vn -0.0021 0.9533 0.3021
vn -0.0018 0.9540 0.2997
vn -0.0036 0.9362 0.3514
vn -0.0039 0.9345 0.3560
vn -0.0033 0.9351 0.3545
vn -0.0047 0.9225 0.3860
vn -0.0037 0.9226 0.3856
vn -0.0047 0.9242 0.3820
vn -0.0052 0.9167 0.3996
vn -0.0049 0.9155 0.4022
vn -0.0032 0.9155 0.4022
vn -0.0046 0.9118 0.4106
vn -0.0029 0.9111 0.4121
vn -0.0058 0.9114 0.4114
vn -0.0028 0.9095 0.4158
vn -0.0000 0.9149 0.4037
vn -0.0015 0.9106 0.4132
vn 0.0000 0.9104 0.4138
vn -0.0020 0.9150 0.4033
vn -0.0011 0.9089 0.4169
vn 0.0000 0.9086 0.4176
vn -0.0000 0.9357 0.3527
vn -0.0023 0.9227 0.3856
vn -0.0000 0.9227 0.3855
vn -0.0021 0.9355 0.3532
vn 0.0000 0.9733 0.2297
vn -0.0013 0.9539 0.3002
vn 0.0000 0.9541 0.2994
vn -0.0006 0.9731 0.2302
vn 0.0000 0.9945 0.1048
vn -0.0004 0.9947 0.1029
vn 0.0000 0.9946 0.1036
vn -0.0024 0.9947 0.1023
vn -0.0000 0.9924 0.1227
vn 0.0000 0.9924 0.1228
vn 0.0000 1.0000 -0.0016
vn -0.0300 0.9995 -0.0113
vn 0.0000 1.0000 -0.0092
vn -0.0341 0.9994 -0.0026
vn -0.0260 0.9994 -0.0235
vn 0.0000 0.9998 -0.0190
vn -0.0209 0.9998 0.0027
vn 0.0000 1.0000 0.0087
vn -0.0145 0.9980 0.0621
vn 0.0000 0.9977 0.0678
vn -0.0075 0.9951 0.0983
vn 0.0000 0.9947 0.1027
vn 0.0000 1.0000 -0.0004
vn 0.0000 1.0000 -0.0000
vn -0.0390 0.9992 -0.0010
vn -0.0414 0.9991 -0.0000
vn -0.0001 0.9862 0.1654
vn 0.0000 0.9863 0.1652
vn 0.0002 0.9925 0.1221
vn 0.0002 0.9860 0.1665
vn 0.0003 0.9927 0.1206
vn 0.0002 0.9861 0.1659
vn 0.0010 0.9724 0.2335
vn 0.0005 0.9732 0.2298
vn 0.0001 0.9863 0.1651
vn 0.0008 0.9930 0.1181
vn 0.1727 0.9849 -0.0156
vn 0.1176 0.9931 -0.0034
vn 0.1033 0.9946 -0.0067
vn 0.2023 0.9790 -0.0234
vn 0.1961 0.9806 -0.0081
vn 0.2273 0.9738 -0.0115
vn 0.2082 0.9781 -0.0000
vn 0.1250 0.9922 -0.0000
vn 0.0461 0.9985 0.0287
vn 0.0450 0.9989 0.0103
vn 0.0804 0.9955 -0.0493
vn 0.0249 0.9971 0.0721
vn 0.0167 0.9986 0.0493
vn 0.0296 0.9996 0.0044
vn 0.0682 0.9957 -0.0626
vn 0.1093 0.9838 -0.1419
vn 0.0797 0.9955 -0.0512
vn 0.1108 0.9865 -0.1201
vn 0.1344 0.9842 -0.1156
vn 0.0650 0.9973 -0.0342
vn 0.1402 0.9647 -0.2230
vn 0.1639 0.9678 -0.1912
vn 0.1529 0.9870 -0.0491
vn 0.0911 0.9956 -0.0228
vn 0.1823 0.9801 -0.0786
vn 0.0087 0.9962 0.0868
vn 0.0035 0.9964 0.0845
vn 0.0017 0.9952 0.0976
vn 0.0076 0.9976 0.0682
vn 0.0008 0.9728 0.2316
vn 0.0024 0.9525 0.3046
vn 0.0021 0.9533 0.3021
vn 0.0039 0.9345 0.3560
vn 0.0036 0.9362 0.3514
vn 0.0018 0.9540 0.2997
vn 0.0033 0.9351 0.3545
vn 0.0047 0.9225 0.3860
vn 0.0037 0.9226 0.3856
vn 0.0049 0.9155 0.4022
vn 0.0052 0.9167 0.3996
vn 0.0047 0.9242 0.3820
vn 0.0032 0.9155 0.4022
vn 0.0046 0.9118 0.4106
vn 0.0028 0.9095 0.4158
vn 0.0029 0.9111 0.4121
vn 0.0058 0.9114 0.4114
vn 0.0015 0.9106 0.4132
vn 0.0020 0.9150 0.4033
vn 0.0011 0.9089 0.4169
vn 0.0023 0.9227 0.3856
vn 0.0021 0.9355 0.3532
vn 0.0013 0.9539 0.3002
vn 0.0006 0.9731 0.2302
vn 0.0004 0.9947 0.1029
vn 0.0024 0.9947 0.1023
vn 0.0300 0.9995 -0.0113
vn 0.0341 0.9994 -0.0026
vn 0.0260 0.9994 -0.0235
vn 0.0209 0.9998 0.0027
vn 0.0145 0.9980 0.0621
vn 0.0075 0.9951 0.0983
vn 0.0390 0.9992 -0.0010
vn 0.0414 0.9991 -0.0000
vn 0.0001 0.9862 0.1654
vn -0.0002 0.9925 -0.1221
vn -0.0002 0.9860 -0.1665
vn -0.0003 0.9927 -0.1206
vn -0.0002 0.9861 -0.1659
vn -0.0010 0.9724 -0.2335
vn -0.0005 0.9732 -0.2298
vn -0.0001 0.9863 -0.1651
vn -0.0008 0.9930 -0.1181
vn -0.1727 0.9849 0.0156
vn -0.1176 0.9931 0.0034
vn -0.1033 0.9946 0.0067
vn -0.2023 0.9790 0.0234
vn -0.1961 0.9806 0.0081
vn -0.2273 0.9738 0.0115
vn -0.0461 0.9985 -0.0287
vn -0.0450 0.9989 -0.0103
vn -0.0804 0.9955 0.0493
vn -0.0249 0.9971 -0.0721
vn -0.0167 0.9986 -0.0493
vn -0.0296 0.9996 -0.0044
vn -0.0682 0.9957 0.0626
vn -0.1093 0.9838 0.1419
vn -0.0797 0.9955 0.0512
vn -0.1108 0.9865 0.1201
vn -0.1344 0.9842 0.1156
vn -0.0650 0.9973 0.0342
vn -0.1402 0.9647 0.2230
vn -0.1639 0.9678 0.1912
vn -0.1529 0.9870 0.0491
vn -0.0911 0.9956 0.0228
vn -0.1823 0.9801 0.0786
vn -0.0087 0.9962 -0.0868
vn -0.0035 0.9964 -0.0845
vn -0.0017 0.9952 -0.0976
vn -0.0076 0.9976 -0.0682
vn -0.0008 0.9728 -0.2316
vn -0.0024 0.9525 -0.3046
vn -0.0021 0.9533 -0.3021
vn -0.0039 0.9345 -0.3560
vn -0.0036 0.9362 -0.3514
vn -0.0018 0.9540 -0.2997
vn -0.0033 0.9351 -0.3545
vn -0.0047 0.9225 -0.3860
vn -0.0037 0.9226 -0.3856
vn -0.0049 0.9155 -0.4022
vn -0.0052 0.9167 -0.3996
vn -0.0047 0.9242 -0.3820
vn -0.0032 0.9155 -0.4022
vn -0.0046 0.9118 -0.4106
vn -0.0028 0.9095 -0.4158
vn -0.0029 0.9111 -0.4121
vn -0.0058 0.9114 -0.4114
vn 0.0000 0.9149 -0.4037
vn -0.0015 0.9106 -0.4132
vn -0.0020 0.9150 -0.4033
vn 0.0000 0.9104 -0.4138
vn -0.0011 0.9089 -0.4169
vn 0.0000 0.9357 -0.3527
vn -0.0023 0.9227 -0.3856
vn -0.0021 0.9355 -0.3532
vn 0.0000 0.9227 -0.3855
vn -0.0000 0.9733 -0.2297
vn -0.0013 0.9539 -0.3002
vn -0.0006 0.9731 -0.2302
vn 0.0000 0.9541 -0.2994
vn 0.0000 0.9945 -0.1048
vn -0.0004 0.9947 -0.1029
vn -0.0024 0.9947 -0.1023
vn 0.0000 0.9946 -0.1036
vn -0.0000 0.9924 -0.1227
vn 0.0000 1.0000 0.0016
vn -0.0300 0.9995 0.0113
vn -0.0341 0.9994 0.0025
vn 0.0000 1.0000 0.0092
vn -0.0260 0.9994 0.0235
vn 0.0000 0.9998 0.0190
vn -0.0209 0.9998 -0.0027
vn 0.0000 1.0000 -0.0087
vn -0.0145 0.9980 -0.0621
vn 0.0000 0.9977 -0.0678
vn -0.0075 0.9951 -0.0983
vn 0.0000 0.9947 -0.1027
vn 0.0000 1.0000 0.0004
vn -0.0390 0.9992 0.0010
vn -0.0000 0.9924 -0.1228
vn -0.0001 0.9862 -0.1654
vn 0.0000 0.9863 -0.1652
vn 0.0002 0.9925 -0.1221
vn 0.0002 0.9860 -0.1665
vn 0.0002 0.9861 -0.1659
vn 0.0003 0.9927 -0.1206
vn 0.0001 0.9863 -0.1651
vn 0.0005 0.9732 -0.2298
vn 0.0010 0.9724 -0.2335
vn 0.0008 0.9728 -0.2316
vn 0.1176 0.9931 0.0034
vn 0.1727 0.9849 0.0156
vn 0.1033 0.9946 0.0067
vn 0.1961 0.9806 0.0081
vn 0.2273 0.9738 0.0115
vn 0.2023 0.9790 0.0234
vn 0.0461 0.9985 -0.0287
vn 0.0450 0.9989 -0.0103
vn 0.0249 0.9971 -0.0721
vn 0.0804 0.9955 0.0493
vn 0.0682 0.9957 0.0626
vn 0.0296 0.9996 -0.0044
vn 0.0167 0.9986 -0.0493
vn 0.0087 0.9962 -0.0868
vn 0.0797 0.9955 0.0512
vn 0.1108 0.9865 0.1201
vn 0.0650 0.9973 0.0342
vn 0.1344 0.9842 0.1156
vn 0.1402 0.9647 0.2230
vn 0.1093 0.9838 0.1419
vn 0.1529 0.9870 0.0491
vn 0.0911 0.9956 0.0228
vn 0.1823 0.9801 0.0786
vn 0.1639 0.9678 0.1912
vn 0.0035 0.9964 -0.0845
vn 0.0017 0.9952 -0.0976
vn 0.0076 0.9976 -0.0682
vn 0.0008 0.9930 -0.1181
vn 0.0024 0.9525 -0.3046
vn 0.0021 0.9533 -0.3021
vn 0.0018 0.9540 -0.2997
vn 0.0036 0.9362 -0.3514
vn 0.0039 0.9345 -0.3560
vn 0.0033 0.9351 -0.3545
vn 0.0047 0.9225 -0.3860
vn 0.0037 0.9226 -0.3856
vn 0.0047 0.9242 -0.3820
vn 0.0052 0.9167 -0.3996
vn 0.0049 0.9155 -0.4022
vn 0.0032 0.9155 -0.4022
vn 0.0046 0.9118 -0.4106
vn 0.0029 0.9111 -0.4121
vn 0.0058 0.9114 -0.4114
vn 0.0028 0.9095 -0.4158
vn 0.0015 0.9106 -0.4132
vn 0.0020 0.9150 -0.4033
vn 0.0011 0.9089 -0.4169
vn -0.0000 0.9086 -0.4176
vn 0.0023 0.9227 -0.3856
vn 0.0021 0.9355 -0.3532
vn 0.0013 0.9539 -0.3002
vn 0.0006 0.9731 -0.2302
vn 0.0004 0.9947 -0.1029
vn 0.0024 0.9947 -0.1023
vn 0.0300 0.9995 0.0113
vn 0.0341 0.9994 0.0025
vn 0.0260 0.9994 0.0235
vn 0.0209 0.9998 -0.0027
vn 0.0145 0.9980 -0.0621
vn 0.0075 0.9951 -0.0983
vn 0.0390 0.9992 0.0010
vn 0.0001 0.9862 -0.1654
vn 0.0002 -0.9925 -0.1221
vn 0.0002 -0.9860 -0.1665
vn 0.0003 -0.9927 -0.1206
vn 0.0001 -0.9863 -0.1650
vn 0.0008 -0.9930 -0.1181
vn 0.0006 -0.9732 -0.2298
vn 0.0002 -0.9861 -0.1659
vn 0.0009 -0.9724 -0.2335
vn 0.1727 -0.9849 0.0156
vn 0.1176 -0.9931 0.0034
vn 0.1033 -0.9946 0.0067
vn 0.1960 -0.9806 0.0081
vn 0.1249 -0.9922 0.0000
vn 0.2272 -0.9738 0.0115
vn 0.2081 -0.9781 0.0000
vn 0.2023 -0.9790 0.0234
vn 0.0461 -0.9985 -0.0284
vn 0.0451 -0.9989 -0.0103
vn 0.0804 -0.9955 0.0495
vn 0.0683 -0.9958 0.0611
vn 0.1094 -0.9842 0.1394
vn 0.0297 -0.9995 -0.0050
vn 0.0250 -0.9971 -0.0720
vn 0.0167 -0.9986 -0.0493
vn 0.0798 -0.9955 0.0513
vn 0.1106 -0.9865 0.1208
vn 0.1342 -0.9841 0.1159
vn 0.1399 -0.9648 0.2227
vn 0.1635 -0.9678 0.1912
vn 0.0650 -0.9973 0.0347
vn 0.1530 -0.9870 0.0491
vn 0.1823 -0.9801 0.0790
vn 0.0912 -0.9956 0.0226
vn 0.0088 -0.9962 -0.0868
vn 0.0035 -0.9964 -0.0845
vn 0.0077 -0.9976 -0.0684
vn 0.0017 -0.9952 -0.0976
vn 0.0008 -0.9728 -0.2316
vn 0.0024 -0.9525 -0.3046
vn 0.0019 -0.9541 -0.2996
vn 0.0036 -0.9362 -0.3514
vn 0.0021 -0.9533 -0.3021
vn 0.0039 -0.9345 -0.3560
vn 0.0033 -0.9351 -0.3545
vn 0.0047 -0.9225 -0.3860
vn 0.0047 -0.9242 -0.3820
vn 0.0052 -0.9167 -0.3996
vn 0.0037 -0.9226 -0.3856
vn 0.0049 -0.9155 -0.4022
vn 0.0032 -0.9155 -0.4022
vn 0.0046 -0.9118 -0.4106
vn 0.0058 -0.9114 -0.4114
vn 0.0028 -0.9095 -0.4158
vn 0.0029 -0.9111 -0.4121
vn -0.0000 -0.9149 -0.4037
vn 0.0015 -0.9106 -0.4132
vn 0.0020 -0.9150 -0.4033
vn 0.0000 -0.9104 -0.4138
vn 0.0011 -0.9089 -0.4169
vn -0.0000 -0.9357 -0.3527
vn 0.0023 -0.9227 -0.3856
vn 0.0021 -0.9355 -0.3532
vn -0.0000 -0.9227 -0.3855
vn -0.0000 -0.9733 -0.2297
vn 0.0013 -0.9539 -0.3002
vn 0.0005 -0.9731 -0.2302
vn -0.0000 -0.9541 -0.2994
vn -0.0000 -0.9945 -0.1048
vn 0.0004 -0.9947 -0.1029
vn 0.0024 -0.9948 -0.1023
vn -0.0000 -0.9946 -0.1036
vn 0.0000 -0.9924 -0.1227
vn -0.0000 -1.0000 0.0016
vn 0.0300 -0.9995 0.0112
vn 0.0341 -0.9994 0.0025
vn -0.0000 -1.0000 0.0092
vn 0.0260 -0.9994 0.0237
vn -0.0000 -0.9998 0.0191
vn 0.0208 -0.9998 -0.0024
vn -0.0000 -1.0000 -0.0086
vn 0.0144 -0.9980 -0.0619
vn -0.0000 -0.9977 -0.0677
vn 0.0075 -0.9951 -0.0982
vn -0.0000 -0.9947 -0.1027
vn -0.0000 -1.0000 0.0004
vn 0.0389 -0.9992 0.0010
vn -0.0000 -1.0000 0.0000
vn 0.0414 -0.9991 0.0000
vn -0.0000 -0.9924 -0.1228
vn 0.0001 -0.9862 -0.1654
vn -0.0000 -0.9863 -0.1652
vn -0.0002 -0.9925 -0.1221
vn -0.0002 -0.9860 -0.1665
vn -0.0002 -0.9861 -0.1659
vn -0.0009 -0.9724 -0.2335
vn -0.0008 -0.9728 -0.2316
vn -0.0006 -0.9732 -0.2298
vn -0.0003 -0.9927 -0.1206
vn -0.0001 -0.9863 -0.1650
vn -0.1176 -0.9931 0.0034
vn -0.1727 -0.9849 0.0156
vn -0.1033 -0.9946 0.0067
vn -0.1960 -0.9806 0.0081
vn -0.2023 -0.9790 0.0234
vn -0.2081 -0.9781 0.0000
vn -0.2272 -0.9738 0.0115
vn -0.1249 -0.9922 0.0000
vn -0.0461 -0.9985 -0.0284
vn -0.0451 -0.9989 -0.0103
vn -0.0250 -0.9971 -0.0720
vn -0.0167 -0.9986 -0.0493
vn -0.0088 -0.9962 -0.0868
vn -0.0297 -0.9995 -0.0050
vn -0.0804 -0.9955 0.0495
vn -0.0683 -0.9958 0.0611
vn -0.0798 -0.9955 0.0513
vn -0.1106 -0.9865 0.1208
vn -0.0650 -0.9973 0.0347
vn -0.1094 -0.9842 0.1394
vn -0.1342 -0.9841 0.1159
vn -0.1399 -0.9648 0.2227
vn -0.1530 -0.9870 0.0491
vn -0.0912 -0.9956 0.0226
vn -0.1635 -0.9678 0.1912
vn -0.1823 -0.9801 0.0790
vn -0.0035 -0.9964 -0.0845
vn -0.0017 -0.9952 -0.0976
vn -0.0008 -0.9930 -0.1181
vn -0.0077 -0.9976 -0.0684
vn -0.0024 -0.9525 -0.3046
vn -0.0021 -0.9533 -0.3021
vn -0.0039 -0.9345 -0.3560
vn -0.0033 -0.9351 -0.3545
vn -0.0036 -0.9362 -0.3514
vn -0.0019 -0.9541 -0.2996
vn -0.0047 -0.9225 -0.3860
vn -0.0037 -0.9226 -0.3856
vn -0.0049 -0.9155 -0.4022
vn -0.0032 -0.9155 -0.4022
vn -0.0052 -0.9167 -0.3996
vn -0.0047 -0.9242 -0.3820
vn -0.0046 -0.9118 -0.4106
vn -0.0029 -0.9111 -0.4121
vn -0.0028 -0.9095 -0.4158
vn -0.0058 -0.9114 -0.4114
vn -0.0015 -0.9106 -0.4132
vn -0.0011 -0.9089 -0.4169
vn -0.0000 -0.9086 -0.4176
vn -0.0020 -0.9150 -0.4033
vn -0.0023 -0.9227 -0.3856
vn -0.0021 -0.9355 -0.3532
vn -0.0013 -0.9539 -0.3002
vn -0.0006 -0.9731 -0.2302
vn -0.0004 -0.9947 -0.1029
vn -0.0024 -0.9948 -0.1023
vn -0.0300 -0.9995 0.0112
vn -0.0260 -0.9994 0.0237
vn -0.0341 -0.9994 0.0025
vn -0.0208 -0.9998 -0.0024
vn -0.0144 -0.9980 -0.0619
vn -0.0075 -0.9951 -0.0982
vn -0.0389 -0.9992 0.0010
vn -0.0414 -0.9991 0.0000
vn -0.0001 -0.9862 -0.1654
vn 0.0002 -0.9925 0.1221
vn 0.0002 -0.9860 0.1665
vn 0.0002 -0.9861 0.1659
vn 0.0009 -0.9724 0.2335
vn 0.0008 -0.9728 0.2316
vn 0.0006 -0.9732 0.2298
vn 0.0003 -0.9927 0.1206
vn 0.0001 -0.9863 0.1650
vn 0.1176 -0.9931 -0.0034
vn 0.1727 -0.9849 -0.0156
vn 0.1033 -0.9946 -0.0067
vn 0.1960 -0.9806 -0.0080
vn 0.2023 -0.9790 -0.0234
vn 0.2272 -0.9738 -0.0115
vn 0.0461 -0.9985 0.0284
vn 0.0451 -0.9989 0.0103
vn 0.0250 -0.9971 0.0720
vn 0.0167 -0.9986 0.0493
vn 0.0088 -0.9962 0.0868
vn 0.0297 -0.9995 0.0050
vn 0.0804 -0.9955 -0.0495
vn 0.0683 -0.9958 -0.0611
vn 0.0798 -0.9955 -0.0513
vn 0.1106 -0.9865 -0.1208
vn 0.0650 -0.9973 -0.0347
vn 0.1094 -0.9842 -0.1394
vn 0.1342 -0.9841 -0.1159
vn 0.1399 -0.9648 -0.2227
vn 0.1530 -0.9870 -0.0491
vn 0.0912 -0.9956 -0.0226
vn 0.1635 -0.9678 -0.1912
vn 0.1823 -0.9801 -0.0790
vn 0.0035 -0.9964 0.0845
vn 0.0017 -0.9952 0.0976
vn 0.0008 -0.9930 0.1181
vn 0.0077 -0.9976 0.0684
vn 0.0024 -0.9525 0.3046
vn 0.0021 -0.9533 0.3021
vn 0.0039 -0.9345 0.3560
vn 0.0033 -0.9351 0.3545
vn 0.0036 -0.9362 0.3514
vn 0.0019 -0.9541 0.2996
vn 0.0047 -0.9225 0.3860
vn 0.0037 -0.9226 0.3856
vn 0.0049 -0.9155 0.4022
vn 0.0032 -0.9155 0.4022
vn 0.0052 -0.9167 0.3996
vn 0.0047 -0.9242 0.3820
vn 0.0046 -0.9118 0.4106
vn 0.0029 -0.9111 0.4121
vn 0.0028 -0.9095 0.4158
vn 0.0058 -0.9114 0.4114
vn -0.0000 -0.9149 0.4037
vn 0.0015 -0.9106 0.4132
vn -0.0000 -0.9104 0.4138
vn 0.0011 -0.9089 0.4169
vn 0.0000 -0.9086 0.4176
vn 0.0020 -0.9150 0.4033
vn -0.0000 -0.9357 0.3527
vn 0.0023 -0.9227 0.3856
vn -0.0000 -0.9227 0.3855
vn 0.0021 -0.9355 0.3532
vn -0.0000 -0.9733 0.2297
vn 0.0013 -0.9539 0.3002
vn 0.0000 -0.9541 0.2994
vn 0.0005 -0.9731 0.2302
vn -0.0000 -0.9945 0.1048
vn 0.0004 -0.9947 0.1029
vn -0.0000 -0.9946 0.1036
vn 0.0000 -0.9924 0.1227
vn -0.0000 -0.9924 0.1228
vn 0.0024 -0.9948 0.1023
vn -0.0000 -1.0000 -0.0016
vn 0.0300 -0.9995 -0.0112
vn -0.0000 -1.0000 -0.0092
vn 0.0260 -0.9994 -0.0237
vn -0.0000 -0.9998 -0.0191
vn 0.0341 -0.9994 -0.0025
vn 0.0208 -0.9998 0.0024
vn -0.0000 -1.0000 0.0086
vn 0.0144 -0.9980 0.0619
vn -0.0000 -0.9977 0.0677
vn 0.0075 -0.9951 0.0982
vn -0.0000 -0.9947 0.1027
vn -0.0000 -1.0000 -0.0004
vn 0.0389 -0.9992 -0.0010
vn 0.0001 -0.9862 0.1654
vn -0.0000 -0.9863 0.1652
vn -0.0002 -0.9925 0.1221
vn -0.0002 -0.9860 0.1665
vn -0.0003 -0.9927 0.1206
vn -0.0001 -0.9863 0.1650
vn -0.0008 -0.9930 0.1181
vn -0.0006 -0.9732 0.2298
vn -0.0002 -0.9861 0.1659
vn -0.0009 -0.9724 0.2335
vn -0.1727 -0.9849 -0.0156
vn -0.1176 -0.9931 -0.0034
vn -0.1033 -0.9946 -0.0067
vn -0.1960 -0.9806 -0.0080
vn -0.2272 -0.9738 -0.0115
vn -0.2023 -0.9790 -0.0234
vn -0.0461 -0.9985 0.0284
vn -0.0451 -0.9989 0.0103
vn -0.0804 -0.9955 -0.0495
vn -0.0683 -0.9958 -0.0611
vn -0.1094 -0.9842 -0.1394
vn -0.0297 -0.9995 0.0050
vn -0.0250 -0.9971 0.0720
vn -0.0167 -0.9986 0.0493
vn -0.0798 -0.9955 -0.0513
vn -0.1106 -0.9865 -0.1208
vn -0.1342 -0.9841 -0.1159
vn -0.1399 -0.9648 -0.2227
vn -0.1635 -0.9678 -0.1912
vn -0.0650 -0.9973 -0.0347
vn -0.1530 -0.9870 -0.0491
vn -0.1823 -0.9801 -0.0790
vn -0.0912 -0.9956 -0.0226
vn -0.0088 -0.9962 0.0868
vn -0.0035 -0.9964 0.0845
vn -0.0077 -0.9976 0.0684
vn -0.0017 -0.9952 0.0976
vn -0.0008 -0.9728 0.2316
vn -0.0024 -0.9525 0.3046
vn -0.0019 -0.9541 0.2996
vn -0.0036 -0.9362 0.3514
vn -0.0021 -0.9533 0.3021
vn -0.0039 -0.9345 0.3560
vn -0.0033 -0.9351 0.3545
vn -0.0047 -0.9225 0.3860
vn -0.0047 -0.9242 0.3820
vn -0.0052 -0.9167 0.3996
vn -0.0037 -0.9226 0.3856
vn -0.0049 -0.9155 0.4022
vn -0.0032 -0.9155 0.4022
vn -0.0046 -0.9118 0.4106
vn -0.0058 -0.9114 0.4114
vn -0.0028 -0.9095 0.4158
vn -0.0029 -0.9111 0.4121
vn -0.0015 -0.9106 0.4132
vn -0.0020 -0.9150 0.4033
vn -0.0011 -0.9089 0.4169
vn -0.0023 -0.9227 0.3856
vn -0.0021 -0.9355 0.3532
vn -0.0013 -0.9539 0.3002
vn -0.0005 -0.9731 0.2302
vn -0.0004 -0.9947 0.1029
vn -0.0024 -0.9948 0.1023
vn -0.0300 -0.9995 -0.0112
vn -0.0341 -0.9994 -0.0025
vn -0.0260 -0.9994 -0.0237
vn -0.0208 -0.9998 0.0024
vn -0.0144 -0.9980 0.0619
vn -0.0075 -0.9951 0.0982
vn -0.0389 -0.9992 -0.0010
vn -0.0001 -0.9862 0.1654
vn 0.9987 0.0008 -0.0510
vn 0.8716 -0.4595 -0.1708
vn 0.9943 0.0104 -0.1057
vn 0.8602 -0.4294 -0.2751
vn 0.9814 0.0344 -0.1888
vn 0.9989 0.0445 -0.0147
vn 0.9159 -0.3992 0.0425
vn 0.9000 -0.4355 0.0176
vn 0.9999 0.0124 -0.0103
vn 0.8864 -0.4628 -0.0098
vn 0.9746 0.2240 -0.0035
vn 0.9641 -0.2656 -0.0000
vn 0.9614 -0.2752 0.0030
vn 0.9791 0.2032 -0.0084
vn 0.9553 -0.2957 0.0052
vn 0.9929 0.1110 -0.0427
vn 0.9388 -0.3403 0.0533
vn 0.9289 -0.3647 0.0641
vn 0.9967 0.0775 -0.0256
vn 0.9475 -0.3189 0.0226
vn 0.9813 0.1916 -0.0195
vn 0.9844 0.1692 -0.0480
vn 0.9998 -0.0024 -0.0212
vn 0.8791 -0.4738 -0.0507
vn 0.8759 -0.4719 -0.1005
vn 0.8335 -0.3775 -0.4035
vn 0.9508 0.0860 -0.2976
vn 0.7860 -0.3132 -0.5330
vn 0.8961 0.1539 -0.4163
vn 0.7046 -0.2437 -0.6665
vn 0.8023 0.2290 -0.5513
vn 0.5747 -0.1741 -0.7996
vn 0.6536 0.3042 -0.6931
vn 0.4797 0.3620 -0.7993
vn 0.4234 -0.1214 -0.8978
vn 0.2572 -0.0894 -0.9622
vn 0.2922 0.3980 -0.8696
vn 0.1099 0.4141 -0.9036
vn 0.0968 -0.0749 -0.9925
vn -0.0000 0.4170 -0.9089
vn -0.0000 -0.0724 -0.9974
vn -0.9987 0.0008 -0.0510
vn -0.8716 -0.4595 -0.1708
vn -0.8759 -0.4719 -0.1005
vn -0.9943 0.0104 -0.1057
vn -0.8602 -0.4294 -0.2751
vn -0.9989 0.0445 -0.0147
vn -0.9159 -0.3992 0.0425
vn -0.9967 0.0775 -0.0256
vn -0.9999 0.0124 -0.0103
vn -0.9000 -0.4355 0.0176
vn -0.9746 0.2240 -0.0035
vn -0.9641 -0.2656 0.0000
vn -0.9722 0.2341 0.0000
vn -0.9791 0.2032 -0.0084
vn -0.9614 -0.2752 0.0030
vn -0.9929 0.1110 -0.0427
vn -0.9388 -0.3403 0.0533
vn -0.9844 0.1692 -0.0480
vn -0.9289 -0.3647 0.0641
vn -0.9475 -0.3189 0.0226
vn -0.9553 -0.2957 0.0052
vn -0.9813 0.1916 -0.0195
vn -0.9998 -0.0024 -0.0212
vn -0.8864 -0.4628 -0.0098
vn -0.8791 -0.4738 -0.0507
vn -0.9814 0.0344 -0.1888
vn -0.8335 -0.3775 -0.4035
vn -0.9508 0.0860 -0.2976
vn -0.7860 -0.3132 -0.5330
vn -0.8961 0.1539 -0.4163
vn -0.7046 -0.2437 -0.6665
vn -0.8023 0.2290 -0.5513
vn -0.5747 -0.1741 -0.7996
vn -0.4797 0.3620 -0.7993
vn -0.6536 0.3042 -0.6931
vn -0.2573 -0.0894 -0.9622
vn -0.4234 -0.1214 -0.8978
vn -0.1099 0.4141 -0.9036
vn -0.2922 0.3980 -0.8696
vn -0.0968 -0.0749 -0.9925
vn 0.9987 0.0008 0.0510
vn 0.8716 -0.4595 0.1708
vn 0.8759 -0.4719 0.1005
vn 0.9943 0.0104 0.1057
vn 0.8602 -0.4294 0.2751
vn 0.9989 0.0445 0.0147
vn 0.9159 -0.3992 -0.0425
vn 0.9967 0.0775 0.0256
vn 0.9999 0.0124 0.0103
vn 0.9000 -0.4355 -0.0176
vn 0.9746 0.2240 0.0035
vn 0.9722 0.2341 -0.0000
vn 0.9791 0.2032 0.0084
vn 0.9614 -0.2751 -0.0030
vn 0.9929 0.1110 0.0427
vn 0.9388 -0.3403 -0.0533
vn 0.9844 0.1692 0.0480
vn 0.9289 -0.3647 -0.0641
vn 0.9475 -0.3189 -0.0226
vn 0.9553 -0.2957 -0.0052
vn 0.9813 0.1916 0.0195
vn 0.9998 -0.0024 0.0212
vn 0.8864 -0.4628 0.0098
vn 0.8791 -0.4738 0.0507
vn 0.9814 0.0344 0.1888
vn 0.8335 -0.3775 0.4035
vn 0.9508 0.0860 0.2976
vn 0.7860 -0.3132 0.5329
vn 0.8961 0.1539 0.4163
vn 0.7046 -0.2437 0.6665
vn 0.8023 0.2290 0.5513
vn 0.5747 -0.1741 0.7996
vn 0.4797 0.3620 0.7993
vn 0.6536 0.3042 0.6931
vn 0.2573 -0.0894 0.9622
vn 0.4234 -0.1214 0.8978
vn 0.1099 0.4141 0.9036
vn 0.2922 0.3980 0.8696
vn -0.0000 0.4170 0.9089
vn 0.0968 -0.0749 0.9925
vn -0.9987 0.0008 0.0510
vn -0.8716 -0.4595 0.1708
vn -0.9943 0.0104 0.1057
vn -0.8602 -0.4294 0.2751
vn -0.9814 0.0344 0.1888
vn -0.9989 0.0445 0.0147
vn -0.9159 -0.3992 -0.0425
vn -0.9000 -0.4355 -0.0176
vn -0.9999 0.0124 0.0103
vn -0.8864 -0.4628 0.0098
vn -0.9746 0.2240 0.0035
vn -0.9614 -0.2752 -0.0030
vn -0.9791 0.2032 0.0084
vn -0.9553 -0.2957 -0.0052
vn -0.9929 0.1110 0.0427
vn -0.9388 -0.3403 -0.0533
vn -0.9289 -0.3647 -0.0641
vn -0.9967 0.0775 0.0256
vn -0.9475 -0.3189 -0.0226
vn -0.9813 0.1916 0.0195
vn -0.9844 0.1692 0.0480
vn -0.9998 -0.0024 0.0212
vn -0.8791 -0.4738 0.0507
vn -0.8759 -0.4719 0.1005
vn -0.8335 -0.3775 0.4035
vn -0.9508 0.0860 0.2976
vn -0.7860 -0.3132 0.5330
vn -0.8961 0.1539 0.4163
vn -0.7046 -0.2437 0.6665
vn -0.8023 0.2290 0.5513
vn -0.5747 -0.1741 0.7996
vn -0.6536 0.3042 0.6931
vn -0.4797 0.3620 0.7993
vn -0.4234 -0.1214 0.8978
vn -0.2572 -0.0894 0.9622
vn -0.2922 0.3980 0.8696
vn -0.1099 0.4141 0.9036
vn -0.0968 -0.0749 0.9925
vn -0.0000 -0.0724 0.9974
vn -0.0957 0.8011 0.5908
vn -0.0000 0.8034 0.5955
vn -0.2549 0.7871 0.5617
vn -0.5703 0.7097 0.4136
vn -0.4173 0.7573 0.5024
vn -0.7007 0.6484 0.2976
vn -0.7834 0.5909 0.1929
vn -0.8318 0.5436 0.1124
vn -0.8596 0.5085 0.0508
vn -0.8745 0.4848 -0.0125
vn -0.8723 0.4888 -0.0145
vn -0.7885 0.6018 0.1266
vn -0.7619 0.6474 0.0197
vn -0.7764 0.6280 0.0533
vn -0.8245 0.5581 0.0936
vn -0.8035 0.5772 0.1457
vn -0.7471 0.6646 0.0091
vn -0.8633 0.5046 0.0094
vn -0.8462 0.5309 0.0463
vn -0.8713 0.4907 0.0122
vn 0.0957 0.8011 0.5908
vn 0.2549 0.7871 0.5616
vn 0.4173 0.7573 0.5024
vn 0.5703 0.7097 0.4136
vn 0.7007 0.6484 0.2976
vn 0.7834 0.5909 0.1929
vn 0.8318 0.5436 0.1124
vn 0.8596 0.5085 0.0508
vn 0.8745 0.4849 -0.0125
vn 0.8723 0.4887 -0.0145
vn 0.8633 0.5046 0.0094
vn 0.7885 0.6018 0.1266
vn 0.7764 0.6280 0.0533
vn 0.7619 0.6474 0.0197
vn 0.8245 0.5581 0.0936
vn 0.8035 0.5772 0.1457
vn 0.7472 0.6646 0.0091
vn 0.7406 0.6719 -0.0000
vn 0.8462 0.5309 0.0463
vn 0.8713 0.4907 0.0122
vn -0.0957 0.8011 -0.5908
vn -0.2549 0.7871 -0.5616
vn -0.4173 0.7573 -0.5024
vn -0.5703 0.7097 -0.4136
vn -0.7007 0.6484 -0.2976
vn -0.7834 0.5909 -0.1929
vn -0.8318 0.5436 -0.1124
vn -0.8596 0.5085 -0.0508
vn -0.8745 0.4849 0.0125
vn -0.8723 0.4887 0.0145
vn -0.8633 0.5046 -0.0094
vn -0.7885 0.6018 -0.1266
vn -0.7764 0.6280 -0.0533
vn -0.7619 0.6474 -0.0197
vn -0.8245 0.5581 -0.0937
vn -0.8035 0.5772 -0.1457
vn -0.7472 0.6646 -0.0091
vn -0.7406 0.6719 0.0000
vn -0.8462 0.5309 -0.0463
vn -0.8713 0.4907 -0.0122
vn 0.0957 0.8011 -0.5908
vn -0.0000 0.8034 -0.5955
vn 0.2549 0.7871 -0.5616
vn 0.5703 0.7097 -0.4136
vn 0.4173 0.7573 -0.5024
vn 0.7007 0.6484 -0.2976
vn 0.7834 0.5909 -0.1929
vn 0.8318 0.5436 -0.1124
vn 0.8596 0.5085 -0.0508
vn 0.8745 0.4848 0.0125
vn 0.8723 0.4887 0.0145
vn 0.7885 0.6018 -0.1266
vn 0.7619 0.6474 -0.0197
vn 0.7764 0.6280 -0.0533
vn 0.8245 0.5581 -0.0937
vn 0.8035 0.5772 -0.1457
vn 0.7471 0.6646 -0.0091
vn 0.8633 0.5046 -0.0094
vn 0.8462 0.5309 -0.0463
vn 0.8713 0.4907 -0.0122
vn -0.2401 0.9707 -0.0000
vn 0.2401 0.9707 -0.0000
vn 0.2401 -0.9708 0.0000
vn -0.2401 -0.9708 0.0000
s 1
f 1/1/1 2/2/2 3/3/3
f 4/4/4 5/5/5 2/2/2
f 2/2/2 6/6/6 7/7/7
f 3/3/3 7/7/7 8/8/8
f 9/9/9 10/10/10 11/11/11
f 12/12/12 13/13/13 9/9/9
f 14/14/14 15/15/15 13/13/13
f 13/13/13 16/16/16 10/10/10
f 17/17/17 18/18/18 19/19/19
f 20/20/20 21/21/21 18/18/18
f 18/18/18 22/22/22 23/23/23
f 19/19/19 23/23/23 24/24/24
f 25/25/25 26/26/26 27/27/27
f 28/28/28 29/29/29 26/26/26
f 26/26/26 30/30/30 20/20/20
f 27/27/27 20/20/20 17/17/17
f 11/11/11 31/31/31 32/32/32
f 10/10/10 33/33/33 31/31/31
f 31/31/31 34/34/34 28/28/28
f 32/32/32 28/28/28 25/25/25
f 24/24/24 35/35/35 36/36/36
f 23/23/23 37/37/37 35/35/35
f 35/35/35 38/38/38 4/4/4
f 36/36/36 4/4/4 1/1/1
f 8/8/8 39/39/39 40/40/40
f 7/7/7 41/41/41 39/39/39
f 39/39/39 42/42/42 43/43/43
f 40/40/40 43/43/43 44/44/44
f 44/44/44 45/45/45 46/46/46
f 43/43/43 47/47/47 45/45/45
f 45/45/45 48/48/48 49/49/49
f 46/46/46 49/49/49 50/50/50
f 50/50/50 51/51/51 52/52/52
f 53/53/53 49/49/49 48/48/48
f 54/54/54 51/51/51 53/53/53
f 55/55/55 56/56/56 57/57/57
f 58/58/58 52/52/52 56/56/56
f 56/56/56 54/54/54 59/59/59
f 57/57/57 59/59/59 60/60/60
f 61/61/61 62/62/62 63/63/63
f 64/64/64 46/46/46 62/62/62
f 62/62/62 50/50/50 58/58/58
f 63/63/63 58/58/58 55/55/55
f 65/65/65 66/66/66 67/67/67
f 68/68/68 40/40/40 66/66/66
f 66/66/66 44/44/44 64/64/64
f 67/67/67 64/64/64 61/61/61
f 69/69/69 70/70/70 71/71/71
f 72/72/72 36/36/36 70/70/70
f 70/70/70 1/1/1 73/73/73
f 71/71/71 73/73/73 74/74/74
f 75/75/75 76/76/76 77/77/77
f 78/78/78 32/32/32 76/76/76
f 76/76/76 25/25/25 79/79/79
f 77/77/77 79/79/79 80/80/80
f 80/80/80 81/81/81 82/82/82
f 79/79/79 27/27/27 81/81/81
f 81/81/81 17/17/17 83/83/83
f 82/82/82 83/83/83 84/84/84
f 84/84/84 85/85/85 86/86/86
f 83/83/83 19/19/19 85/85/85
f 85/85/85 24/24/24 72/72/72
f 86/86/86 72/72/72 69/69/69
f 87/87/87 78/78/78 75/75/75
f 88/88/88 89/89/89 87/87/87
f 90/90/90 9/9/9 89/89/89
f 89/89/89 11/11/11 78/78/78
f 74/74/74 91/91/91 92/92/92
f 73/73/73 3/3/3 91/91/91
f 91/91/91 8/8/8 68/68/68
f 92/92/92 68/68/68 65/65/65
f 93/93/93 94/94/94 95/95/95
f 96/96/96 97/97/97 94/94/94
f 94/94/94 98/98/98 99/99/99
f 95/95/95 99/99/99 100/100/100
f 101/101/101 102/102/102 103/103/103
f 104/104/104 105/105/105 101/101/101
f 106/106/106 107/107/107 105/105/105
f 105/105/105 108/108/108 102/102/102
f 109/109/109 110/110/110 111/111/111
f 112/112/112 113/113/113 110/110/110
f 110/110/110 114/114/114 115/115/115
f 111/111/111 115/115/115 116/116/116
f 117/117/117 118/118/118 119/119/119
f 120/120/120 111/111/111 118/118/118
f 118/118/118 116/116/116 121/121/121
f 119/119/119 121/121/121 122/122/122
f 103/103/103 123/123/123 101/101/101
f 124/124/124 119/119/119 123/123/123
f 123/123/123 122/122/122 125/125/125
f 101/101/101 125/125/125 104/104/104
f 126/126/126 127/127/127 113/113/113
f 128/128/128 95/95/95 127/127/127
f 127/127/127 100/100/100 129/129/129
f 113/113/113 129/129/129 114/114/114
f 130/130/130 131/131/131 97/97/97
f 132/132/132 133/133/133 131/131/131
f 131/131/131 134/134/134 135/135/135
f 97/97/97 135/135/135 98/98/98
f 136/136/136 137/137/137 133/133/133
f 138/138/138 139/139/139 137/137/137
f 137/137/137 140/140/140 141/141/141
f 133/133/133 141/141/141 134/134/134
f 142/142/142 143/143/143 139/139/139
f 144/144/144 143/143/143 145/145/145
f 139/139/139 146/146/146 140/140/140
f 55/55/55 147/147/147 148/148/148
f 57/57/57 149/149/149 147/147/147
f 147/147/147 144/144/144 145/145/145
f 148/148/148 145/145/145 142/142/142
f 61/61/61 150/150/150 151/151/151
f 63/63/63 148/148/148 150/150/150
f 150/150/150 142/142/142 138/138/138
f 151/151/151 138/138/138 136/136/136
f 65/65/65 152/152/152 153/153/153
f 67/67/67 151/151/151 152/152/152
f 152/152/152 136/136/136 132/132/132
f 153/153/153 132/132/132 130/130/130
f 69/69/69 154/154/154 155/155/155
f 71/71/71 156/156/73 154/154/154
f 154/154/154 93/93/93 128/128/128
f 155/155/155 128/128/128 126/126/126
f 75/75/75 157/157/156 158/158/157
f 77/77/77 159/159/158 157/157/156
f 157/157/156 117/117/117 124/124/124
f 158/158/157 124/124/124 103/103/103
f 80/80/80 160/160/159 159/159/158
f 82/82/82 161/161/160 160/160/159
f 160/160/159 109/109/109 120/120/120
f 159/159/158 120/120/120 117/117/117
f 84/84/84 162/162/161 161/161/160
f 86/86/86 155/155/155 162/162/161
f 162/162/161 126/126/126 112/112/112
f 161/161/160 112/112/112 109/109/109
f 158/158/157 87/87/87 75/75/75
f 103/103/103 163/163/162 158/158/157
f 102/102/102 164/164/163 163/163/162
f 163/163/162 88/88/88 87/87/87
f 74/74/74 165/165/164 156/156/73
f 92/92/92 153/153/153 165/165/164
f 165/165/164 130/130/130 96/96/96
f 156/156/73 96/96/96 93/93/93
f 166/166/165 167/167/166 168/168/167
f 169/169/168 170/170/169 167/167/166
f 167/167/166 171/171/170 172/172/171
f 168/168/167 172/172/171 173/173/172
f 174/174/173 175/175/174 176/176/175
f 177/177/176 178/178/177 174/174/173
f 179/179/178 14/14/14 178/178/177
f 178/178/177 12/12/12 175/175/174
f 180/180/179 181/181/180 182/182/181
f 183/183/182 184/184/183 181/181/180
f 181/181/180 185/185/184 186/186/185
f 182/182/181 186/186/185 187/187/186
f 188/188/187 189/189/188 190/190/189
f 191/191/190 182/182/181 189/189/188
f 189/189/188 187/187/186 192/192/191
f 190/190/189 192/192/191 193/193/192
f 176/176/175 194/194/193 174/174/173
f 195/195/194 190/190/189 194/194/193
f 194/194/193 193/193/192 196/196/195
f 174/174/173 196/196/195 177/177/176
f 197/197/196 198/198/197 184/184/183
f 199/199/198 168/168/167 198/198/197
f 198/198/197 173/173/172 200/200/199
f 184/184/183 200/200/199 185/185/184
f 201/201/200 202/202/201 170/170/169
f 203/203/202 204/204/203 202/202/201
f 202/202/201 205/205/204 206/206/205
f 170/170/169 206/206/205 171/171/170
f 207/207/206 208/208/207 204/204/203
f 209/209/208 210/210/209 208/208/207
f 208/208/207 211/211/210 212/212/211
f 204/204/203 212/212/211 205/205/204
f 213/213/212 214/214/213 210/210/209
f 215/215/214 214/214/213 216/216/215
f 210/210/209 217/217/216 211/211/210
f 218/218/217 219/219/218 220/220/219
f 221/221/220 222/222/221 219/219/218
f 219/219/218 215/215/214 216/216/215
f 220/220/219 216/216/215 213/213/212
f 223/223/222 224/224/223 225/225/224
f 226/226/225 220/220/219 224/224/223
f 224/224/223 213/213/212 209/209/208
f 225/225/224 209/209/208 207/207/206
f 227/227/226 228/228/227 229/229/228
f 230/230/229 225/225/224 228/228/227
f 228/228/227 207/207/206 203/203/202
f 229/229/228 203/203/202 201/201/200
f 231/231/230 232/232/231 233/233/232
f 234/234/233 235/235/234 232/232/231
f 232/232/231 166/166/165 199/199/198
f 233/233/232 199/199/198 197/197/196
f 236/236/235 237/237/236 238/238/237
f 239/239/238 240/240/239 237/237/236
f 237/237/236 188/188/187 195/195/194
f 238/238/237 195/195/194 176/176/175
f 241/241/240 242/242/241 240/240/239
f 243/243/242 244/244/243 242/242/241
f 242/242/241 180/180/179 191/191/190
f 240/240/239 191/191/190 188/188/187
f 245/245/244 246/246/245 244/244/243
f 247/247/246 233/233/232 246/246/245
f 246/246/245 197/197/196 183/183/182
f 244/244/243 183/183/182 180/180/179
f 238/238/237 248/248/247 236/236/235
f 176/176/175 249/249/248 238/238/237
f 175/175/174 90/90/90 249/249/248
f 249/249/248 88/88/88 248/248/247
f 250/250/249 251/251/250 235/235/234
f 252/252/251 229/229/228 251/251/250
f 251/251/250 201/201/200 169/169/168
f 235/235/234 169/169/168 166/166/165
f 253/253/252 254/254/253 255/255/254
f 256/256/255 257/257/256 254/254/253
f 254/254/253 258/258/257 259/259/258
f 255/255/254 259/259/258 260/260/259
f 261/261/260 262/262/261 263/263/262
f 108/108/108 264/264/263 261/261/260
f 107/107/107 265/265/264 264/264/263
f 264/264/263 266/266/265 262/262/261
f 267/267/266 268/268/267 269/269/268
f 270/270/269 271/271/270 268/268/267
f 268/268/267 272/272/271 273/273/272
f 269/269/268 273/273/272 274/274/273
f 275/275/274 276/276/275 277/277/276
f 278/278/277 279/279/278 276/276/275
f 276/276/275 280/280/279 270/270/269
f 277/277/276 270/270/269 267/267/266
f 263/263/262 281/281/280 282/282/281
f 262/262/261 283/283/282 281/281/280
f 281/281/280 284/284/283 278/278/277
f 282/282/281 278/278/277 275/275/274
f 274/274/273 285/285/284 286/286/285
f 273/273/272 287/287/286 285/285/284
f 285/285/284 288/288/287 256/256/255
f 286/286/285 256/256/255 253/253/252
f 260/260/259 289/289/288 290/290/289
f 259/259/258 291/291/290 289/289/288
f 289/289/288 292/292/291 293/293/292
f 290/290/289 293/293/292 294/294/293
f 294/294/293 295/295/294 296/296/295
f 293/293/292 297/297/296 295/295/294
f 295/295/294 298/298/297 299/299/298
f 296/296/295 299/299/298 300/300/299
f 300/300/299 301/301/300 302/302/301
f 303/303/302 299/299/298 298/298/297
f 304/304/303 301/301/300 303/303/302
f 218/218/217 305/305/304 221/221/220
f 306/306/305 302/302/301 305/305/304
f 305/305/304 304/304/303 307/307/306
f 221/221/220 307/307/306 308/308/307
f 223/223/222 309/309/308 226/226/225
f 310/310/309 296/296/295 309/309/308
f 309/309/308 300/300/299 306/306/305
f 226/226/225 306/306/305 218/218/217
f 227/227/226 311/311/310 230/230/229
f 312/312/311 290/290/289 311/311/310
f 311/311/310 294/294/293 310/310/309
f 230/230/229 310/310/309 223/223/222
f 231/231/230 313/313/312 234/234/233
f 314/314/313 286/286/285 313/313/312
f 313/313/312 253/253/252 315/315/234
f 234/234/233 315/315/234 250/250/249
f 236/236/235 316/316/314 239/239/238
f 317/317/315 282/282/281 316/316/314
f 316/316/314 275/275/274 318/318/316
f 239/239/238 318/318/316 241/241/240
f 241/241/240 319/319/317 243/243/242
f 318/318/316 277/277/276 319/319/317
f 319/319/317 267/267/266 320/320/318
f 243/243/242 320/320/318 245/245/244
f 245/245/244 321/321/319 247/247/246
f 320/320/318 269/269/268 321/321/319
f 321/321/319 274/274/273 314/314/313
f 247/247/246 314/314/313 231/231/230
f 248/248/247 317/317/315 236/236/235
f 88/88/88 322/322/320 248/248/247
f 164/164/163 261/261/260 322/322/320
f 322/322/320 263/263/262 317/317/315
f 250/250/249 323/323/321 252/252/251
f 315/315/234 255/255/254 323/323/321
f 323/323/321 260/260/259 312/312/311
f 252/252/251 312/312/311 227/227/226
f 324/324/322 325/325/323 326/326/324
f 326/326/324 327/327/325 328/328/326
f 325/325/323 329/329/327 327/327/325
f 330/330/328 331/331/329 325/325/323
f 332/332/330 333/333/331 334/334/332
f 335/335/333 336/336/334 333/333/331
f 337/337/335 338/338/336 335/335/333
f 339/339/337 335/335/333 332/332/330
f 340/340/338 341/341/339 342/342/340
f 342/342/340 343/343/341 344/344/342
f 341/341/339 345/345/343 343/343/341
f 346/346/344 347/347/345 341/341/339
f 348/348/346 349/349/347 350/350/348
f 350/350/348 351/351/349 352/352/350
f 349/349/347 344/344/342 351/351/349
f 353/353/351 342/342/340 349/349/347
f 334/334/332 354/354/352 332/332/330
f 332/332/330 355/355/353 339/339/337
f 354/354/352 352/352/350 355/355/353
f 356/356/354 350/350/348 354/354/352
f 357/357/355 358/358/356 347/347/345
f 347/347/345 359/359/357 345/345/343
f 358/358/356 328/328/326 359/359/357
f 360/360/358 326/326/324 358/358/356
f 361/361/359 362/362/360 331/331/329
f 331/331/329 363/363/361 329/329/327
f 362/362/360 364/364/362 363/363/361
f 365/365/363 366/366/364 362/362/360
f 367/367/365 368/368/366 366/366/364
f 366/366/364 369/369/367 364/364/362
f 368/368/366 370/370/368 369/369/367
f 371/371/369 372/372/370 368/368/366
f 373/373/371 374/374/372 372/372/370
f 372/372/370 375/375/373 370/370/368
f 376/376/374 374/374/372 377/377/375
f 378/378/376 379/379/377 380/380/378
f 380/380/378 377/377/375 373/373/371
f 379/379/377 376/376/374 377/377/375
f 381/381/379 382/382/380 379/379/377
f 383/383/381 384/384/382 385/385/383
f 385/385/383 371/371/369 367/367/365
f 384/384/382 373/373/371 371/371/369
f 386/386/384 380/380/378 384/384/382
f 387/387/385 388/388/386 389/389/387
f 389/389/387 365/365/363 361/361/359
f 388/388/386 367/367/365 365/365/363
f 390/390/388 385/385/383 388/388/386
f 391/391/389 392/392/390 393/393/391
f 393/393/391 360/360/358 357/357/355
f 392/392/390 324/324/322 360/360/358
f 394/394/392 395/395/393 392/392/390
f 396/396/394 397/397/395 398/398/396
f 398/398/396 356/356/354 334/334/332
f 397/397/395 348/348/346 356/356/354
f 399/399/397 400/400/398 397/397/395
f 401/401/399 402/402/400 400/400/398
f 400/400/398 353/353/351 348/348/346
f 402/402/400 340/340/338 353/353/351
f 403/403/401 404/404/402 402/402/400
f 405/405/403 406/406/404 404/404/402
f 404/404/402 346/346/344 340/340/338
f 406/406/404 357/357/355 346/346/344
f 407/407/405 393/393/391 406/406/404
f 398/398/396 408/408/406 396/396/394
f 409/409/407 410/410/408 408/408/406
f 333/333/331 411/411/409 409/409/407
f 334/334/332 409/409/407 398/398/396
f 412/412/410 413/413/411 395/395/393
f 395/395/393 330/330/328 324/324/322
f 413/413/411 361/361/359 330/330/328
f 414/414/412 389/389/387 413/413/411
f 415/415/413 416/416/414 417/417/415
f 417/417/415 418/418/416 419/419/417
f 416/416/414 420/420/418 418/418/416
f 421/421/419 422/422/420 416/416/414
f 423/423/421 424/424/422 425/425/423
f 426/426/424 427/427/425 424/424/422
f 428/428/426 429/429/427 426/426/424
f 430/430/428 426/426/424 423/423/421
f 431/431/429 432/432/430 433/433/431
f 433/433/431 434/434/432 435/435/433
f 432/432/430 436/436/434 434/434/432
f 437/437/435 438/438/436 432/432/430
f 439/439/437 440/440/438 441/441/439
f 441/441/439 437/437/435 431/431/429
f 440/440/438 442/442/440 437/437/435
f 443/443/441 444/444/442 440/440/438
f 425/425/423 445/445/443 446/446/444
f 446/446/444 443/443/441 439/439/437
f 445/445/443 447/447/445 443/443/441
f 424/424/422 448/448/446 445/445/443
f 435/435/433 449/449/447 450/450/448
f 450/450/448 421/421/419 415/415/413
f 449/449/447 451/451/449 421/421/419
f 434/434/432 452/452/450 449/449/447
f 419/419/417 453/453/451 454/454/452
f 454/454/452 455/455/453 456/456/454
f 453/453/451 457/457/455 455/455/453
f 418/418/416 458/458/456 453/453/451
f 456/456/454 459/459/457 460/460/458
f 460/460/458 461/461/459 462/462/460
f 459/459/457 463/463/461 461/461/459
f 455/455/453 464/464/462 459/459/457
f 462/462/460 465/465/463 466/466/464
f 467/467/465 465/465/463 468/468/466
f 468/468/466 461/461/459 463/463/461
f 378/378/376 469/469/467 381/381/379
f 381/381/379 470/470/468 471/471/469
f 469/469/467 467/467/465 470/470/468
f 472/472/470 466/466/464 469/469/467
f 383/383/381 473/473/471 386/386/384
f 386/386/384 472/472/470 378/378/376
f 473/473/471 462/462/460 472/472/470
f 474/474/472 460/460/458 473/473/471
f 387/387/385 475/475/473 390/390/388
f 390/390/388 474/474/472 383/383/381
f 475/475/473 456/456/454 474/474/472
f 476/476/474 454/454/452 475/475/473
f 391/391/389 477/477/475 394/394/392
f 394/394/392 478/478/393 412/412/410
f 477/477/475 415/415/413 478/478/393
f 479/479/476 450/450/448 477/477/475
f 396/396/394 480/480/477 399/399/397
f 399/399/397 481/481/478 401/401/399
f 480/480/477 439/439/437 481/481/478
f 482/482/479 446/446/444 480/480/477
f 401/401/399 483/483/480 403/403/401
f 403/403/401 484/484/481 405/405/403
f 483/483/480 431/431/429 484/484/481
f 481/481/478 441/441/439 483/483/480
f 405/405/403 485/485/482 407/407/405
f 407/407/405 479/479/476 391/391/389
f 485/485/482 435/435/433 479/479/476
f 484/484/481 433/433/431 485/485/482
f 408/408/406 482/482/479 396/396/394
f 486/486/483 425/425/423 482/482/479
f 487/487/484 423/423/421 486/486/483
f 410/410/408 486/486/483 408/408/406
f 412/412/410 488/488/485 414/414/412
f 414/414/412 476/476/474 387/387/385
f 488/488/485 419/419/417 476/476/474
f 478/478/393 417/417/415 488/488/485
f 489/489/486 490/490/487 491/491/488
f 491/491/488 492/492/489 493/493/490
f 490/490/487 494/494/491 492/492/489
f 495/495/492 496/496/493 490/490/487
f 497/497/494 498/498/495 499/499/496
f 500/500/497 501/501/498 498/498/495
f 338/338/336 502/502/499 500/500/497
f 336/336/334 500/500/497 497/497/494
f 503/503/500 504/504/501 505/505/502
f 505/505/502 506/506/503 507/507/504
f 504/504/501 508/508/505 506/506/503
f 509/509/506 510/510/507 504/504/501
f 511/511/508 512/512/509 513/513/510
f 513/513/510 509/509/506 503/503/500
f 512/512/509 514/514/511 509/509/506
f 515/515/512 516/516/513 512/512/509
f 499/499/496 517/517/514 518/518/515
f 518/518/515 515/515/512 511/511/508
f 517/517/514 519/519/516 515/515/512
f 498/498/495 520/520/517 517/517/514
f 507/507/504 521/521/518 522/522/519
f 522/522/519 495/495/492 489/489/486
f 521/521/518 523/523/520 495/495/492
f 506/506/503 524/524/521 521/521/518
f 493/493/490 525/525/522 526/526/523
f 526/526/523 527/527/524 528/528/525
f 525/525/522 529/529/526 527/527/524
f 492/492/489 530/530/527 525/525/522
f 528/528/525 531/531/528 532/532/529
f 532/532/529 533/533/530 534/534/531
f 531/531/528 535/535/532 533/533/530
f 527/527/524 536/536/533 531/531/528
f 534/534/531 537/537/534 538/538/535
f 539/539/536 537/537/534 540/540/537
f 540/540/537 533/533/530 535/535/532
f 541/541/538 542/542/539 543/543/540
f 543/543/540 544/544/541 545/545/542
f 542/542/539 539/539/536 544/544/541
f 546/546/543 538/538/535 542/542/539
f 547/547/544 548/548/545 549/549/546
f 549/549/546 546/546/543 541/541/538
f 548/548/545 534/534/531 546/546/543
f 550/550/547 532/532/529 548/548/545
f 551/551/548 552/552/549 553/553/550
f 553/553/550 550/550/547 547/547/544
f 552/552/549 528/528/525 550/550/547
f 554/554/551 526/526/523 552/552/549
f 555/555/552 556/556/553 557/557/554
f 557/557/554 558/558/555 559/559/556
f 556/556/553 489/489/486 558/558/555
f 560/560/557 522/522/519 556/556/553
f 561/561/558 562/562/559 563/563/560
f 563/563/560 564/564/561 565/565/562
f 562/562/559 511/511/508 564/564/561
f 566/566/563 518/518/515 562/562/559
f 565/565/562 567/567/564 568/568/565
f 568/568/565 569/569/566 570/570/567
f 567/567/564 503/503/500 569/569/566
f 564/564/561 513/513/510 567/567/564
f 570/570/567 571/571/568 572/572/569
f 572/572/569 560/560/557 555/555/552
f 571/571/568 507/507/504 560/560/557
f 569/569/566 505/505/502 571/571/568
f 573/573/570 566/566/563 561/561/558
f 574/574/571 499/499/496 566/566/563
f 411/411/409 497/497/494 574/574/571
f 410/410/408 574/574/571 573/573/570
f 559/559/556 575/575/572 576/576/573
f 576/576/573 554/554/551 551/551/548
f 575/575/572 493/493/490 554/554/551
f 558/558/555 491/491/488 575/575/572
f 577/577/574 578/578/575 579/579/576
f 579/579/576 580/580/577 581/581/578
f 578/578/575 582/582/579 580/580/577
f 583/583/580 584/584/581 578/578/575
f 585/585/582 586/586/583 587/587/584
f 588/588/585 430/430/428 586/586/583
f 589/589/586 428/428/426 588/588/585
f 590/590/587 588/588/585 585/585/582
f 591/591/588 592/592/589 593/593/590
f 593/593/590 594/594/591 595/595/592
f 592/592/589 596/596/593 594/594/591
f 597/597/594 598/598/595 592/592/589
f 599/599/596 600/600/597 601/601/598
f 601/601/598 602/602/599 603/603/600
f 600/600/597 595/595/592 602/602/599
f 604/604/601 593/593/590 600/600/597
f 587/587/584 605/605/602 585/585/582
f 585/585/582 606/606/603 590/590/587
f 605/605/602 603/603/600 606/606/603
f 607/607/604 601/601/598 605/605/602
f 608/608/605 609/609/606 598/598/595
f 598/598/595 610/610/607 596/596/593
f 609/609/606 581/581/578 610/610/607
f 611/611/608 579/579/576 609/609/606
f 612/612/609 613/613/610 584/584/581
f 584/584/581 614/614/611 582/582/579
f 613/613/610 615/615/612 614/614/611
f 616/616/613 617/617/614 613/613/610
f 618/618/615 619/619/616 617/617/614
f 617/617/614 620/620/617 615/615/612
f 619/619/616 621/621/618 620/620/617
f 622/622/619 623/623/620 619/619/616
f 624/624/621 625/625/622 623/623/620
f 623/623/620 626/626/623 621/621/618
f 627/627/624 625/625/622 628/628/625
f 541/541/538 629/629/626 630/630/627
f 630/630/627 628/628/625 624/624/621
f 629/629/626 627/627/624 628/628/625
f 543/543/540 631/631/628 629/629/626
f 547/547/544 632/632/629 633/633/630
f 633/633/630 622/622/619 618/618/615
f 632/632/629 624/624/621 622/622/619
f 549/549/546 630/630/627 632/632/629
f 551/551/548 634/634/631 635/635/632
f 635/635/632 616/616/613 612/612/609
f 634/634/631 618/618/615 616/616/613
f 553/553/550 633/633/630 634/634/631
f 555/555/552 636/636/633 637/637/634
f 637/637/634 611/611/608 608/608/605
f 636/636/633 577/577/574 611/611/608
f 557/557/554 638/638/555 636/636/633
f 561/561/558 639/639/635 640/640/636
f 640/640/636 607/607/604 587/587/584
f 639/639/635 599/599/596 607/607/604
f 563/563/560 641/641/637 639/639/635
f 565/565/562 642/642/638 641/641/637
f 641/641/637 604/604/601 599/599/596
f 642/642/638 591/591/588 604/604/601
f 568/568/565 643/643/639 642/642/638
f 570/570/567 644/644/640 643/643/639
f 643/643/639 597/597/594 591/591/588
f 644/644/640 608/608/605 597/597/594
f 572/572/569 637/637/634 644/644/640
f 640/640/636 573/573/570 561/561/558
f 645/645/641 410/410/408 573/573/570
f 586/586/583 487/487/484 645/645/641
f 587/587/584 645/645/641 640/640/636
f 559/559/556 646/646/642 638/638/555
f 638/638/555 583/583/580 577/577/574
f 646/646/642 612/612/609 583/583/580
f 576/576/573 635/635/632 646/646/642
f 647/647/643 648/648/644 649/649/645
f 649/649/645 650/650/646 651/651/647
f 652/652/648 653/653/649 654/654/650
f 655/655/651 654/654/650 656/656/652
f 657/657/653 658/658/654 659/659/655
f 660/660/656 659/659/655 661/661/657
f 662/662/658 663/663/659 664/664/660
f 665/665/661 664/664/660 653/653/649
f 660/660/656 666/666/662 667/667/663
f 668/668/664 666/666/662 663/663/659
f 669/669/665 656/656/652 670/670/666
f 669/669/665 671/671/667 647/647/643
f 651/651/647 672/672/668 673/673/669
f 673/673/669 674/674/670 675/675/671
f 675/675/671 676/676/672 677/677/673
f 677/677/673 678/678/674 679/679/675
f 680/680/676 678/678/674 681/681/677
f 680/680/676 682/682/678 683/683/679
f 684/684/680 682/682/678 685/685/681
f 686/686/682 685/685/681 687/687/683
f 688/688/684 689/689/685 690/690/686
f 691/691/687 692/692/688 689/689/685
f 693/693/689 694/694/690 695/695/691
f 696/696/692 697/697/693 693/693/689
f 698/698/694 699/699/695 700/700/696
f 701/701/697 702/702/698 698/698/694
f 703/703/699 704/704/700 705/705/701
f 695/695/691 706/706/702 703/703/699
f 701/701/697 707/707/703 708/708/704
f 705/705/701 707/707/703 709/709/705
f 710/710/706 711/711/707 696/696/692
f 710/710/706 690/690/686 712/712/708
f 713/713/709 714/714/710 692/692/688
f 715/715/711 716/716/712 714/714/710
f 717/717/713 718/718/714 716/716/712
f 719/719/715 720/720/716 718/718/714
f 721/721/717 720/720/716 722/722/718
f 721/721/717 723/723/719 724/724/720
f 725/725/721 723/723/719 726/726/722
f 686/686/682 727/727/723 725/725/721
f 728/728/724 729/729/725 730/730/726
f 731/731/727 732/732/728 729/729/725
f 733/733/729 734/734/730 735/735/731
f 736/736/732 737/737/733 733/733/729
f 738/738/734 658/658/654 739/739/735
f 740/740/736 741/741/737 738/738/734
f 742/742/738 743/743/739 744/744/740
f 735/735/731 745/745/741 742/742/738
f 740/740/736 746/746/742 747/747/743
f 744/744/740 746/746/742 748/748/744
f 749/749/745 750/750/746 736/736/732
f 749/749/745 730/730/726 751/751/747
f 752/752/748 753/753/749 732/732/728
f 754/754/750 755/755/751 753/753/749
f 756/756/752 757/757/753 755/755/751
f 758/758/754 759/759/755 757/757/753
f 760/760/756 759/759/755 761/761/757
f 760/760/756 762/762/758 763/763/759
f 764/764/760 762/762/758 765/765/761
f 766/766/762 767/767/763 764/764/760
f 768/768/764 769/769/765 770/770/766
f 770/770/766 771/771/767 772/772/768
f 773/773/769 774/774/770 775/775/771
f 776/776/772 775/775/771 777/777/773
f 778/778/774 699/699/695 779/779/775
f 780/780/776 779/779/775 781/781/777
f 782/782/778 783/783/779 784/784/780
f 785/785/781 784/784/780 774/774/770
f 780/780/776 786/786/782 787/787/783
f 788/788/784 786/786/782 783/783/779
f 789/789/785 777/777/773 790/790/786
f 789/789/785 791/791/787 768/768/764
f 772/772/768 792/792/788 793/793/789
f 793/793/789 794/794/790 795/795/791
f 795/795/791 796/796/792 797/797/793
f 797/797/793 798/798/794 799/799/795
f 800/800/796 798/798/794 801/801/797
f 800/800/796 802/802/798 803/803/799
f 804/804/800 802/802/798 805/805/801
f 766/766/762 805/805/801 806/806/802
f 807/807/803 766/766/762 808/808/804
f 809/809/805 804/804/800 807/807/803
f 809/809/805 800/800/796 803/803/799
f 810/810/806 800/800/796 811/811/807
f 812/812/808 799/799/795 810/810/806
f 813/813/809 797/797/793 812/812/808
f 814/814/810 795/795/791 813/813/809
f 815/815/811 793/793/789 814/814/810
f 816/816/812 789/789/785 768/768/764
f 817/817/813 776/776/772 789/789/785
f 818/818/814 787/787/783 788/788/784
f 819/819/815 787/787/783 820/820/816
f 821/821/817 782/782/778 785/785/781
f 822/822/818 788/788/784 782/782/778
f 819/819/815 778/778/774 780/780/776
f 823/823/819 700/700/696 778/778/774
f 824/824/820 773/773/769 776/776/772
f 825/825/821 785/785/781 773/773/769
f 815/815/811 770/770/766 772/772/768
f 826/826/822 768/768/764 770/770/766
f 827/827/823 766/766/762 764/764/760
f 828/828/824 764/764/760 765/765/761
f 828/828/824 760/760/756 829/829/825
f 830/830/826 760/760/756 761/761/757
f 831/831/827 761/761/757 758/758/754
f 832/832/828 758/758/754 756/756/752
f 833/833/829 756/756/752 754/754/750
f 834/834/830 754/754/750 752/752/748
f 835/835/831 749/749/745 836/836/832
f 836/836/832 736/736/732 837/837/833
f 838/838/834 748/748/744 839/839/835
f 840/840/836 748/748/744 740/740/736
f 841/841/837 742/742/738 842/842/838
f 842/842/838 744/744/740 838/838/834
f 840/840/836 738/738/734 843/843/839
f 843/843/839 739/739/735 844/844/840
f 837/837/833 733/733/729 845/845/841
f 845/845/841 735/735/731 841/841/837
f 834/834/830 731/731/727 846/846/842
f 846/846/842 728/728/724 835/835/831
f 847/847/843 686/686/682 725/725/721
f 848/848/844 725/725/721 726/726/722
f 848/848/844 721/721/717 849/849/845
f 850/850/846 721/721/717 722/722/718
f 851/851/847 722/722/718 719/719/715
f 852/852/848 719/719/715 717/717/713
f 853/853/849 717/717/713 715/715/711
f 854/854/850 715/715/711 713/713/709
f 855/855/851 710/710/706 856/856/852
f 856/856/852 696/696/692 857/857/853
f 858/858/854 709/709/705 859/859/855
f 860/860/856 709/709/705 701/701/697
f 861/861/857 703/703/699 862/862/858
f 862/862/858 705/705/701 858/858/854
f 860/860/856 698/698/694 863/863/859
f 863/863/859 700/700/696 864/864/860
f 857/857/853 693/693/689 865/865/861
f 865/865/861 695/695/691 861/861/857
f 854/854/850 691/691/687 866/866/862
f 866/866/862 688/688/684 855/855/851
f 867/867/863 686/686/682 868/868/864
f 869/869/865 684/684/680 867/867/863
f 869/869/865 680/680/676 683/683/679
f 870/870/866 680/680/676 871/871/867
f 872/872/868 679/679/675 870/870/866
f 873/873/869 677/677/673 872/872/868
f 874/874/870 675/675/671 873/873/869
f 875/875/871 673/673/669 874/874/870
f 876/876/872 669/669/665 647/647/643
f 877/877/873 655/655/651 669/669/665
f 878/878/874 667/667/663 668/668/664
f 879/879/875 667/667/663 880/880/876
f 881/881/877 662/662/658 665/665/661
f 882/882/878 668/668/664 662/662/658
f 879/879/875 657/657/653 660/660/656
f 883/883/879 739/739/735 657/657/653
f 884/884/880 652/652/648 655/655/651
f 885/885/881 665/665/661 652/652/648
f 875/875/871 649/649/645 651/651/647
f 886/886/882 647/647/643 649/649/645
f 1/1/1 4/4/4 2/2/2
f 4/4/4 38/38/38 5/5/5
f 2/2/2 5/5/5 6/6/6
f 3/3/3 2/2/2 7/7/7
f 9/9/9 13/13/13 10/10/10
f 12/12/12 14/14/14 13/13/13
f 14/14/14 887/887/883 15/15/15
f 13/13/13 15/15/15 16/16/16
f 17/17/17 20/20/20 18/18/18
f 20/20/20 30/30/30 21/21/21
f 18/18/18 21/21/21 22/22/22
f 19/19/19 18/18/18 23/23/23
f 25/25/25 28/28/28 26/26/26
f 28/28/28 34/34/34 29/29/29
f 26/26/26 29/29/29 30/30/30
f 27/27/27 26/26/26 20/20/20
f 11/11/11 10/10/10 31/31/31
f 10/10/10 16/16/16 33/33/33
f 31/31/31 33/33/33 34/34/34
f 32/32/32 31/31/31 28/28/28
f 24/24/24 23/23/23 35/35/35
f 23/23/23 22/22/22 37/37/37
f 35/35/35 37/37/37 38/38/38
f 36/36/36 35/35/35 4/4/4
f 8/8/8 7/7/7 39/39/39
f 7/7/7 6/6/6 41/41/41
f 39/39/39 41/41/41 42/42/42
f 40/40/40 39/39/39 43/43/43
f 44/44/44 43/43/43 45/45/45
f 43/43/43 42/42/42 47/47/47
f 45/45/45 47/47/47 48/48/48
f 46/46/46 45/45/45 49/49/49
f 50/50/50 49/49/49 51/51/51
f 53/53/53 51/51/51 49/49/49
f 54/54/54 52/52/52 51/51/51
f 55/55/55 58/58/58 56/56/56
f 58/58/58 50/50/50 52/52/52
f 56/56/56 52/52/52 54/54/54
f 57/57/57 56/56/56 59/59/59
f 61/61/61 64/64/64 62/62/62
f 64/64/64 44/44/44 46/46/46
f 62/62/62 46/46/46 50/50/50
f 63/63/63 62/62/62 58/58/58
f 65/65/65 68/68/68 66/66/66
f 68/68/68 8/8/8 40/40/40
f 66/66/66 40/40/40 44/44/44
f 67/67/67 66/66/66 64/64/64
f 69/69/69 72/72/72 70/70/70
f 72/72/72 24/24/24 36/36/36
f 70/70/70 36/36/36 1/1/1
f 71/71/71 70/70/70 73/73/73
f 75/75/75 78/78/78 76/76/76
f 78/78/78 11/11/11 32/32/32
f 76/76/76 32/32/32 25/25/25
f 77/77/77 76/76/76 79/79/79
f 80/80/80 79/79/79 81/81/81
f 79/79/79 25/25/25 27/27/27
f 81/81/81 27/27/27 17/17/17
f 82/82/82 81/81/81 83/83/83
f 84/84/84 83/83/83 85/85/85
f 83/83/83 17/17/17 19/19/19
f 85/85/85 19/19/19 24/24/24
f 86/86/86 85/85/85 72/72/72
f 87/87/87 89/89/89 78/78/78
f 88/88/88 90/90/90 89/89/89
f 90/90/90 12/12/12 9/9/9
f 89/89/89 9/9/9 11/11/11
f 74/74/74 73/73/73 91/91/91
f 73/73/73 1/1/1 3/3/3
f 91/91/91 3/3/3 8/8/8
f 92/92/92 91/91/91 68/68/68
f 93/93/93 96/96/96 94/94/94
f 96/96/96 130/130/130 97/97/97
f 94/94/94 97/97/97 98/98/98
f 95/95/95 94/94/94 99/99/99
f 101/101/101 105/105/105 102/102/102
f 104/104/104 106/106/106 105/105/105
f 106/106/106 888/888/884 107/107/107
f 105/105/105 107/107/107 108/108/108
f 109/109/109 112/112/112 110/110/110
f 112/112/112 126/126/126 113/113/113
f 110/110/110 113/113/113 114/114/114
f 111/111/111 110/110/110 115/115/115
f 117/117/117 120/120/120 118/118/118
f 120/120/120 109/109/109 111/111/111
f 118/118/118 111/111/111 116/116/116
f 119/119/119 118/118/118 121/121/121
f 103/103/103 124/124/124 123/123/123
f 124/124/124 117/117/117 119/119/119
f 123/123/123 119/119/119 122/122/122
f 101/101/101 123/123/123 125/125/125
f 126/126/126 128/128/128 127/127/127
f 128/128/128 93/93/93 95/95/95
f 127/127/127 95/95/95 100/100/100
f 113/113/113 127/127/127 129/129/129
f 130/130/130 132/132/132 131/131/131
f 132/132/132 136/136/136 133/133/133
f 131/131/131 133/133/133 134/134/134
f 97/97/97 131/131/131 135/135/135
f 136/136/136 138/138/138 137/137/137
f 138/138/138 142/142/142 139/139/139
f 137/137/137 139/139/139 140/140/140
f 133/133/133 137/137/137 141/141/141
f 142/142/142 145/145/145 143/143/143
f 144/144/144 146/146/146 143/143/143
f 139/139/139 143/143/143 146/146/146
f 55/55/55 57/57/57 147/147/147
f 57/57/57 60/60/60 149/149/149
f 147/147/147 149/149/149 144/144/144
f 148/148/148 147/147/147 145/145/145
f 61/61/61 63/63/63 150/150/150
f 63/63/63 55/55/55 148/148/148
f 150/150/150 148/148/148 142/142/142
f 151/151/151 150/150/150 138/138/138
f 65/65/65 67/67/67 152/152/152
f 67/67/67 61/61/61 151/151/151
f 152/152/152 151/151/151 136/136/136
f 153/153/153 152/152/152 132/132/132
f 69/69/69 71/71/71 154/154/154
f 71/71/71 74/74/74 156/156/73
f 154/154/154 156/156/73 93/93/93
f 155/155/155 154/154/154 128/128/128
f 75/75/75 77/77/77 157/157/156
f 77/77/77 80/80/80 159/159/158
f 157/157/156 159/159/158 117/117/117
f 158/158/157 157/157/156 124/124/124
f 80/80/80 82/82/82 160/160/159
f 82/82/82 84/84/84 161/161/160
f 160/160/159 161/161/160 109/109/109
f 159/159/158 160/160/159 120/120/120
f 84/84/84 86/86/86 162/162/161
f 86/86/86 69/69/69 155/155/155
f 162/162/161 155/155/155 126/126/126
f 161/161/160 162/162/161 112/112/112
f 158/158/157 163/163/162 87/87/87
f 103/103/103 102/102/102 163/163/162
f 102/102/102 108/108/108 164/164/163
f 163/163/162 164/164/163 88/88/88
f 74/74/74 92/92/92 165/165/164
f 92/92/92 65/65/65 153/153/153
f 165/165/164 153/153/153 130/130/130
f 156/156/73 165/165/164 96/96/96
f 166/166/165 169/169/168 167/167/166
f 169/169/168 201/201/200 170/170/169
f 167/167/166 170/170/169 171/171/170
f 168/168/167 167/167/166 172/172/171
f 174/174/173 178/178/177 175/175/174
f 177/177/176 179/179/178 178/178/177
f 179/179/178 887/887/883 14/14/14
f 178/178/177 14/14/14 12/12/12
f 180/180/179 183/183/182 181/181/180
f 183/183/182 197/197/196 184/184/183
f 181/181/180 184/184/183 185/185/184
f 182/182/181 181/181/180 186/186/185
f 188/188/187 191/191/190 189/189/188
f 191/191/190 180/180/179 182/182/181
f 189/189/188 182/182/181 187/187/186
f 190/190/189 189/189/188 192/192/191
f 176/176/175 195/195/194 194/194/193
f 195/195/194 188/188/187 190/190/189
f 194/194/193 190/190/189 193/193/192
f 174/174/173 194/194/193 196/196/195
f 197/197/196 199/199/198 198/198/197
f 199/199/198 166/166/165 168/168/167
f 198/198/197 168/168/167 173/173/172
f 184/184/183 198/198/197 200/200/199
f 201/201/200 203/203/202 202/202/201
f 203/203/202 207/207/206 204/204/203
f 202/202/201 204/204/203 205/205/204
f 170/170/169 202/202/201 206/206/205
f 207/207/206 209/209/208 208/208/207
f 209/209/208 213/213/212 210/210/209
f 208/208/207 210/210/209 211/211/210
f 204/204/203 208/208/207 212/212/211
f 213/213/212 216/216/215 214/214/213
f 215/215/214 217/217/216 214/214/213
f 210/210/209 214/214/213 217/217/216
f 218/218/217 221/221/220 219/219/218
f 221/221/220 308/308/307 222/222/221
f 219/219/218 222/222/221 215/215/214
f 220/220/219 219/219/218 216/216/215
f 223/223/222 226/226/225 224/224/223
f 226/226/225 218/218/217 220/220/219
f 224/224/223 220/220/219 213/213/212
f 225/225/224 224/224/223 209/209/208
f 227/227/226 230/230/229 228/228/227
f 230/230/229 223/223/222 225/225/224
f 228/228/227 225/225/224 207/207/206
f 229/229/228 228/228/227 203/203/202
f 231/231/230 234/234/233 232/232/231
f 234/234/233 250/250/249 235/235/234
f 232/232/231 235/235/234 166/166/165
f 233/233/232 232/232/231 199/199/198
f 236/236/235 239/239/238 237/237/236
f 239/239/238 241/241/240 240/240/239
f 237/237/236 240/240/239 188/188/187
f 238/238/237 237/237/236 195/195/194
f 241/241/240 243/243/242 242/242/241
f 243/243/242 245/245/244 244/244/243
f 242/242/241 244/244/243 180/180/179
f 240/240/239 242/242/241 191/191/190
f 245/245/244 247/247/246 246/246/245
f 247/247/246 231/231/230 233/233/232
f 246/246/245 233/233/232 197/197/196
f 244/244/243 246/246/245 183/183/182
f 238/238/237 249/249/248 248/248/247
f 176/176/175 175/175/174 249/249/248
f 175/175/174 12/12/12 90/90/90
f 249/249/248 90/90/90 88/88/88
f 250/250/249 252/252/251 251/251/250
f 252/252/251 227/227/226 229/229/228
f 251/251/250 229/229/228 201/201/200
f 235/235/234 251/251/250 169/169/168
f 253/253/252 256/256/255 254/254/253
f 256/256/255 288/288/287 257/257/256
f 254/254/253 257/257/256 258/258/257
f 255/255/254 254/254/253 259/259/258
f 261/261/260 264/264/263 262/262/261
f 108/108/108 107/107/107 264/264/263
f 107/107/107 888/888/884 265/265/264
f 264/264/263 265/265/264 266/266/265
f 267/267/266 270/270/269 268/268/267
f 270/270/269 280/280/279 271/271/270
f 268/268/267 271/271/270 272/272/271
f 269/269/268 268/268/267 273/273/272
f 275/275/274 278/278/277 276/276/275
f 278/278/277 284/284/283 279/279/278
f 276/276/275 279/279/278 280/280/279
f 277/277/276 276/276/275 270/270/269
f 263/263/262 262/262/261 281/281/280
f 262/262/261 266/266/265 283/283/282
f 281/281/280 283/283/282 284/284/283
f 282/282/281 281/281/280 278/278/277
f 274/274/273 273/273/272 285/285/284
f 273/273/272 272/272/271 287/287/286
f 285/285/284 287/287/286 288/288/287
f 286/286/285 285/285/284 256/256/255
f 260/260/259 259/259/258 289/289/288
f 259/259/258 258/258/257 291/291/290
f 289/289/288 291/291/290 292/292/291
f 290/290/289 289/289/288 293/293/292
f 294/294/293 293/293/292 295/295/294
f 293/293/292 292/292/291 297/297/296
f 295/295/294 297/297/296 298/298/297
f 296/296/295 295/295/294 299/299/298
f 300/300/299 299/299/298 301/301/300
f 303/303/302 301/301/300 299/299/298
f 304/304/303 302/302/301 301/301/300
f 218/218/217 306/306/305 305/305/304
f 306/306/305 300/300/299 302/302/301
f 305/305/304 302/302/301 304/304/303
f 221/221/220 305/305/304 307/307/306
f 223/223/222 310/310/309 309/309/308
f 310/310/309 294/294/293 296/296/295
f 309/309/308 296/296/295 300/300/299
f 226/226/225 309/309/308 306/306/305
f 227/227/226 312/312/311 311/311/310
f 312/312/311 260/260/259 290/290/289
f 311/311/310 290/290/289 294/294/293
f 230/230/229 311/311/310 310/310/309
f 231/231/230 314/314/313 313/313/312
f 314/314/313 274/274/273 286/286/285
f 313/313/312 286/286/285 253/253/252
f 234/234/233 313/313/312 315/315/234
f 236/236/235 317/317/315 316/316/314
f 317/317/315 263/263/262 282/282/281
f 316/316/314 282/282/281 275/275/274
f 239/239/238 316/316/314 318/318/316
f 241/241/240 318/318/316 319/319/317
f 318/318/316 275/275/274 277/277/276
f 319/319/317 277/277/276 267/267/266
f 243/243/242 319/319/317 320/320/318
f 245/245/244 320/320/318 321/321/319
f 320/320/318 267/267/266 269/269/268
f 321/321/319 269/269/268 274/274/273
f 247/247/246 321/321/319 314/314/313
f 248/248/247 322/322/320 317/317/315
f 88/88/88 164/164/163 322/322/320
f 164/164/163 108/108/108 261/261/260
f 322/322/320 261/261/260 263/263/262
f 250/250/249 315/315/234 323/323/321
f 315/315/234 253/253/252 255/255/254
f 323/323/321 255/255/254 260/260/259
f 252/252/251 323/323/321 312/312/311
f 324/324/322 330/330/328 325/325/323
f 326/326/324 325/325/323 327/327/325
f 325/325/323 331/331/329 329/329/327
f 330/330/328 361/361/359 331/331/329
f 332/332/330 335/335/333 333/333/331
f 335/335/333 338/338/336 336/336/334
f 337/337/335 889/889/885 338/338/336
f 339/339/337 337/337/335 335/335/333
f 340/340/338 346/346/344 341/341/339
f 342/342/340 341/341/339 343/343/341
f 341/341/339 347/347/345 345/345/343
f 346/346/344 357/357/355 347/347/345
f 348/348/346 353/353/351 349/349/347
f 350/350/348 349/349/347 351/351/349
f 349/349/347 342/342/340 344/344/342
f 353/353/351 340/340/338 342/342/340
f 334/334/332 356/356/354 354/354/352
f 332/332/330 354/354/352 355/355/353
f 354/354/352 350/350/348 352/352/350
f 356/356/354 348/348/346 350/350/348
f 357/357/355 360/360/358 358/358/356
f 347/347/345 358/358/356 359/359/357
f 358/358/356 326/326/324 328/328/326
f 360/360/358 324/324/322 326/326/324
f 361/361/359 365/365/363 362/362/360
f 331/331/329 362/362/360 363/363/361
f 362/362/360 366/366/364 364/364/362
f 365/365/363 367/367/365 366/366/364
f 367/367/365 371/371/369 368/368/366
f 366/366/364 368/368/366 369/369/367
f 368/368/366 372/372/370 370/370/368
f 371/371/369 373/373/371 372/372/370
f 373/373/371 377/377/375 374/374/372
f 372/372/370 374/374/372 375/375/373
f 376/376/374 375/375/373 374/374/372
f 378/378/376 381/381/379 379/379/377
f 380/380/378 379/379/377 377/377/375
f 379/379/377 382/382/380 376/376/374
f 381/381/379 471/471/469 382/382/380
f 383/383/381 386/386/384 384/384/382
f 385/385/383 384/384/382 371/371/369
f 384/384/382 380/380/378 373/373/371
f 386/386/384 378/378/376 380/380/378
f 387/387/385 390/390/388 388/388/386
f 389/389/387 388/388/386 365/365/363
f 388/388/386 385/385/383 367/367/365
f 390/390/388 383/383/381 385/385/383
f 391/391/389 394/394/392 392/392/390
f 393/393/391 392/392/390 360/360/358
f 392/392/390 395/395/393 324/324/322
f 394/394/392 412/412/410 395/395/393
f 396/396/394 399/399/397 397/397/395
f 398/398/396 397/397/395 356/356/354
f 397/397/395 400/400/398 348/348/346
f 399/399/397 401/401/399 400/400/398
f 401/401/399 403/403/401 402/402/400
f 400/400/398 402/402/400 353/353/351
f 402/402/400 404/404/402 340/340/338
f 403/403/401 405/405/403 404/404/402
f 405/405/403 407/407/405 406/406/404
f 404/404/402 406/406/404 346/346/344
f 406/406/404 393/393/391 357/357/355
f 407/407/405 391/391/389 393/393/391
f 398/398/396 409/409/407 408/408/406
f 409/409/407 411/411/409 410/410/408
f 333/333/331 336/336/334 411/411/409
f 334/334/332 333/333/331 409/409/407
f 412/412/410 414/414/412 413/413/411
f 395/395/393 413/413/411 330/330/328
f 413/413/411 389/389/387 361/361/359
f 414/414/412 387/387/385 389/389/387
f 415/415/413 421/421/419 416/416/414
f 417/417/415 416/416/414 418/418/416
f 416/416/414 422/422/420 420/420/418
f 421/421/419 451/451/449 422/422/420
f 423/423/421 426/426/424 424/424/422
f 426/426/424 429/429/427 427/427/425
f 428/428/426 890/890/886 429/429/427
f 430/430/428 428/428/426 426/426/424
f 431/431/429 437/437/435 432/432/430
f 433/433/431 432/432/430 434/434/432
f 432/432/430 438/438/436 436/436/434
f 437/437/435 442/442/440 438/438/436
f 439/439/437 443/443/441 440/440/438
f 441/441/439 440/440/438 437/437/435
f 440/440/438 444/444/442 442/442/440
f 443/443/441 447/447/445 444/444/442
f 425/425/423 424/424/422 445/445/443
f 446/446/444 445/445/443 443/443/441
f 445/445/443 448/448/446 447/447/445
f 424/424/422 427/427/425 448/448/446
f 435/435/433 434/434/432 449/449/447
f 450/450/448 449/449/447 421/421/419
f 449/449/447 452/452/450 451/451/449
f 434/434/432 436/436/434 452/452/450
f 419/419/417 418/418/416 453/453/451
f 454/454/452 453/453/451 455/455/453
f 453/453/451 458/458/456 457/457/455
f 418/418/416 420/420/418 458/458/456
f 456/456/454 455/455/453 459/459/457
f 460/460/458 459/459/457 461/461/459
f 459/459/457 464/464/462 463/463/461
f 455/455/453 457/457/455 464/464/462
f 462/462/460 461/461/459 465/465/463
f 467/467/465 466/466/464 465/465/463
f 468/468/466 465/465/463 461/461/459
f 378/378/376 472/472/470 469/469/467
f 381/381/379 469/469/467 470/470/468
f 469/469/467 466/466/464 467/467/465
f 472/472/470 462/462/460 466/466/464
f 383/383/381 474/474/472 473/473/471
f 386/386/384 473/473/471 472/472/470
f 473/473/471 460/460/458 462/462/460
f 474/474/472 456/456/454 460/460/458
f 387/387/385 476/476/474 475/475/473
f 390/390/388 475/475/473 474/474/472
f 475/475/473 454/454/452 456/456/454
f 476/476/474 419/419/417 454/454/452
f 391/391/389 479/479/476 477/477/475
f 394/394/392 477/477/475 478/478/393
f 477/477/475 450/450/448 415/415/413
f 479/479/476 435/435/433 450/450/448
f 396/396/394 482/482/479 480/480/477
f 399/399/397 480/480/477 481/481/478
f 480/480/477 446/446/444 439/439/437
f 482/482/479 425/425/423 446/446/444
f 401/401/399 481/481/478 483/483/480
f 403/403/401 483/483/480 484/484/481
f 483/483/480 441/441/439 431/431/429
f 481/481/478 439/439/437 441/441/439
f 405/405/403 484/484/481 485/485/482
f 407/407/405 485/485/482 479/479/476
f 485/485/482 433/433/431 435/435/433
f 484/484/481 431/431/429 433/433/431
f 408/408/406 486/486/483 482/482/479
f 486/486/483 423/423/421 425/425/423
f 487/487/484 430/430/428 423/423/421
f 410/410/408 487/487/484 486/486/483
f 412/412/410 478/478/393 488/488/485
f 414/414/412 488/488/485 476/476/474
f 488/488/485 417/417/415 419/419/417
f 478/478/393 415/415/413 417/417/415
f 489/489/486 495/495/492 490/490/487
f 491/491/488 490/490/487 492/492/489
f 490/490/487 496/496/493 494/494/491
f 495/495/492 523/523/520 496/496/493
f 497/497/494 500/500/497 498/498/495
f 500/500/497 502/502/499 501/501/498
f 338/338/336 889/889/885 502/502/499
f 336/336/334 338/338/336 500/500/497
f 503/503/500 509/509/506 504/504/501
f 505/505/502 504/504/501 506/506/503
f 504/504/501 510/510/507 508/508/505
f 509/509/506 514/514/511 510/510/507
f 511/511/508 515/515/512 512/512/509
f 513/513/510 512/512/509 509/509/506
f 512/512/509 516/516/513 514/514/511
f 515/515/512 519/519/516 516/516/513
f 499/499/496 498/498/495 517/517/514
f 518/518/515 517/517/514 515/515/512
f 517/517/514 520/520/517 519/519/516
f 498/498/495 501/501/498 520/520/517
f 507/507/504 506/506/503 521/521/518
f 522/522/519 521/521/518 495/495/492
f 521/521/518 524/524/521 523/523/520
f 506/506/503 508/508/505 524/524/521
f 493/493/490 492/492/489 525/525/522
f 526/526/523 525/525/522 527/527/524
f 525/525/522 530/530/527 529/529/526
f 492/492/489 494/494/491 530/530/527
f 528/528/525 527/527/524 531/531/528
f 532/532/529 531/531/528 533/533/530
f 531/531/528 536/536/533 535/535/532
f 527/527/524 529/529/526 536/536/533
f 534/534/531 533/533/530 537/537/534
f 539/539/536 538/538/535 537/537/534
f 540/540/537 537/537/534 533/533/530
f 541/541/538 546/546/543 542/542/539
f 543/543/540 542/542/539 544/544/541
f 542/542/539 538/538/535 539/539/536
f 546/546/543 534/534/531 538/538/535
f 547/547/544 550/550/547 548/548/545
f 549/549/546 548/548/545 546/546/543
f 548/548/545 532/532/529 534/534/531
f 550/550/547 528/528/525 532/532/529
f 551/551/548 554/554/551 552/552/549
f 553/553/550 552/552/549 550/550/547
f 552/552/549 526/526/523 528/528/525
f 554/554/551 493/493/490 526/526/523
f 555/555/552 560/560/557 556/556/553
f 557/557/554 556/556/553 558/558/555
f 556/556/553 522/522/519 489/489/486
f 560/560/557 507/507/504 522/522/519
f 561/561/558 566/566/563 562/562/559
f 563/563/560 562/562/559 564/564/561
f 562/562/559 518/518/515 511/511/508
f 566/566/563 499/499/496 518/518/515
f 565/565/562 564/564/561 567/567/564
f 568/568/565 567/567/564 569/569/566
f 567/567/564 513/513/510 503/503/500
f 564/564/561 511/511/508 513/513/510
f 570/570/567 569/569/566 571/571/568
f 572/572/569 571/571/568 560/560/557
f 571/571/568 505/505/502 507/507/504
f 569/569/566 503/503/500 505/505/502
f 573/573/570 574/574/571 566/566/563
f 574/574/571 497/497/494 499/499/496
f 411/411/409 336/336/334 497/497/494
f 410/410/408 411/411/409 574/574/571
f 559/559/556 558/558/555 575/575/572
f 576/576/573 575/575/572 554/554/551
f 575/575/572 491/491/488 493/493/490
f 558/558/555 489/489/486 491/491/488
f 577/577/574 583/583/580 578/578/575
f 579/579/576 578/578/575 580/580/577
f 578/578/575 584/584/581 582/582/579
f 583/583/580 612/612/609 584/584/581
f 585/585/582 588/588/585 586/586/583
f 588/588/585 428/428/426 430/430/428
f 589/589/586 890/890/886 428/428/426
f 590/590/587 589/589/586 588/588/585
f 591/591/588 597/597/594 592/592/589
f 593/593/590 592/592/589 594/594/591
f 592/592/589 598/598/595 596/596/593
f 597/597/594 608/608/605 598/598/595
f 599/599/596 604/604/601 600/600/597
f 601/601/598 600/600/597 602/602/599
f 600/600/597 593/593/590 595/595/592
f 604/604/601 591/591/588 593/593/590
f 587/587/584 607/607/604 605/605/602
f 585/585/582 605/605/602 606/606/603
f 605/605/602 601/601/598 603/603/600
f 607/607/604 599/599/596 601/601/598
f 608/608/605 611/611/608 609/609/606
f 598/598/595 609/609/606 610/610/607
f 609/609/606 579/579/576 581/581/578
f 611/611/608 577/577/574 579/579/576
f 612/612/609 616/616/613 613/613/610
f 584/584/581 613/613/610 614/614/611
f 613/613/610 617/617/614 615/615/612
f 616/616/613 618/618/615 617/617/614
f 618/618/615 622/622/619 619/619/616
f 617/617/614 619/619/616 620/620/617
f 619/619/616 623/623/620 621/621/618
f 622/622/619 624/624/621 623/623/620
f 624/624/621 628/628/625 625/625/622
f 623/623/620 625/625/622 626/626/623
f 627/627/624 626/626/623 625/625/622
f 541/541/538 543/543/540 629/629/626
f 630/630/627 629/629/626 628/628/625
f 629/629/626 631/631/628 627/627/624
f 543/543/540 545/545/542 631/631/628
f 547/547/544 549/549/546 632/632/629
f 633/633/630 632/632/629 622/622/619
f 632/632/629 630/630/627 624/624/621
f 549/549/546 541/541/538 630/630/627
f 551/551/548 553/553/550 634/634/631
f 635/635/632 634/634/631 616/616/613
f 634/634/631 633/633/630 618/618/615
f 553/553/550 547/547/544 633/633/630
f 555/555/552 557/557/554 636/636/633
f 637/637/634 636/636/633 611/611/608
f 636/636/633 638/638/555 577/577/574
f 557/557/554 559/559/556 638/638/555
f 561/561/558 563/563/560 639/639/635
f 640/640/636 639/639/635 607/607/604
f 639/639/635 641/641/637 599/599/596
f 563/563/560 565/565/562 641/641/637
f 565/565/562 568/568/565 642/642/638
f 641/641/637 642/642/638 604/604/601
f 642/642/638 643/643/639 591/591/588
f 568/568/565 570/570/567 643/643/639
f 570/570/567 572/572/569 644/644/640
f 643/643/639 644/644/640 597/597/594
f 644/644/640 637/637/634 608/608/605
f 572/572/569 555/555/552 637/637/634
f 640/640/636 645/645/641 573/573/570
f 645/645/641 487/487/484 410/410/408
f 586/586/583 430/430/428 487/487/484
f 587/587/584 586/586/583 645/645/641
f 559/559/556 576/576/573 646/646/642
f 638/638/555 646/646/642 583/583/580
f 646/646/642 635/635/632 612/612/609
f 576/576/573 551/551/548 635/635/632
f 647/647/643 671/671/667 648/648/644
f 649/649/645 648/648/644 650/650/646
f 652/652/648 665/665/661 653/653/649
f 655/655/651 652/652/648 654/654/650
f 657/657/653 739/739/735 658/658/654
f 660/660/656 657/657/653 659/659/655
f 662/662/658 668/668/664 663/663/659
f 665/665/661 662/662/658 664/664/660
f 660/660/656 661/661/657 666/666/662
f 668/668/664 667/667/663 666/666/662
f 669/669/665 655/655/651 656/656/652
f 669/669/665 670/670/666 671/671/667
f 651/651/647 650/650/646 672/672/668
f 673/673/669 672/672/668 674/674/670
f 675/675/671 674/674/670 676/676/672
f 677/677/673 676/676/672 678/678/674
f 680/680/676 679/679/675 678/678/674
f 680/680/676 681/681/677 682/682/678
f 684/684/680 683/683/679 682/682/678
f 686/686/682 684/684/680 685/685/681
f 688/688/684 691/691/687 689/689/685
f 691/691/687 713/713/709 692/692/688
f 693/693/689 697/697/693 694/694/690
f 696/696/692 711/711/707 697/697/693
f 698/698/694 702/702/698 699/699/695
f 701/701/697 708/708/704 702/702/698
f 703/703/699 706/706/702 704/704/700
f 695/695/691 694/694/690 706/706/702
f 701/701/697 709/709/705 707/707/703
f 705/705/701 704/704/700 707/707/703
f 710/710/706 712/712/708 711/711/707
f 710/710/706 688/688/684 690/690/686
f 713/713/709 715/715/711 714/714/710
f 715/715/711 717/717/713 716/716/712
f 717/717/713 719/719/715 718/718/714
f 719/719/715 722/722/718 720/720/716
f 721/721/717 724/724/720 720/720/716
f 721/721/717 726/726/722 723/723/719
f 725/725/721 727/727/723 723/723/719
f 686/686/682 687/687/683 727/727/723
f 728/728/724 731/731/727 729/729/725
f 731/731/727 752/752/748 732/732/728
f 733/733/729 737/737/733 734/734/730
f 736/736/732 750/750/746 737/737/733
f 738/738/734 741/741/737 658/658/654
f 740/740/736 747/747/743 741/741/737
f 742/742/738 745/745/741 743/743/739
f 735/735/731 734/734/730 745/745/741
f 740/740/736 748/748/744 746/746/742
f 744/744/740 743/743/739 746/746/742
f 749/749/745 751/751/747 750/750/746
f 749/749/745 728/728/724 730/730/726
f 752/752/748 754/754/750 753/753/749
f 754/754/750 756/756/752 755/755/751
f 756/756/752 758/758/754 757/757/753
f 758/758/754 761/761/757 759/759/755
f 760/760/756 763/763/759 759/759/755
f 760/760/756 765/765/761 762/762/758
f 764/764/760 767/767/763 762/762/758
f 766/766/762 806/806/802 767/767/763
f 768/768/764 791/791/787 769/769/765
f 770/770/766 769/769/765 771/771/767
f 773/773/769 785/785/781 774/774/770
f 776/776/772 773/773/769 775/775/771
f 778/778/774 700/700/696 699/699/695
f 780/780/776 778/778/774 779/779/775
f 782/782/778 788/788/784 783/783/779
f 785/785/781 782/782/778 784/784/780
f 780/780/776 781/781/777 786/786/782
f 788/788/784 787/787/783 786/786/782
f 789/789/785 776/776/772 777/777/773
f 789/789/785 790/790/786 791/791/787
f 772/772/768 771/771/767 792/792/788
f 793/793/789 792/792/788 794/794/790
f 795/795/791 794/794/790 796/796/792
f 797/797/793 796/796/792 798/798/794
f 800/800/796 799/799/795 798/798/794
f 800/800/796 801/801/797 802/802/798
f 804/804/800 803/803/799 802/802/798
f 766/766/762 804/804/800 805/805/801
f 807/807/803 804/804/800 766/766/762
f 809/809/805 803/803/799 804/804/800
f 809/809/805 811/811/807 800/800/796
f 810/810/806 799/799/795 800/800/796
f 812/812/808 797/797/793 799/799/795
f 813/813/809 795/795/791 797/797/793
f 814/814/810 793/793/789 795/795/791
f 815/815/811 772/772/768 793/793/789
f 816/816/812 817/817/813 789/789/785
f 817/817/813 824/824/820 776/776/772
f 818/818/814 820/820/816 787/787/783
f 819/819/815 780/780/776 787/787/783
f 821/821/817 822/822/818 782/782/778
f 822/822/818 818/818/814 788/788/784
f 819/819/815 823/823/819 778/778/774
f 823/823/819 864/864/860 700/700/696
f 824/824/820 825/825/821 773/773/769
f 825/825/821 821/821/817 785/785/781
f 815/815/811 826/826/822 770/770/766
f 826/826/822 816/816/812 768/768/764
f 827/827/823 808/808/804 766/766/762
f 828/828/824 827/827/823 764/764/760
f 828/828/824 765/765/761 760/760/756
f 830/830/826 829/829/825 760/760/756
f 831/831/827 830/830/826 761/761/757
f 832/832/828 831/831/827 758/758/754
f 833/833/829 832/832/828 756/756/752
f 834/834/830 833/833/829 754/754/750
f 835/835/831 728/728/724 749/749/745
f 836/836/832 749/749/745 736/736/732
f 838/838/834 744/744/740 748/748/744
f 840/840/836 839/839/835 748/748/744
f 841/841/837 735/735/731 742/742/738
f 842/842/838 742/742/738 744/744/740
f 840/840/836 740/740/736 738/738/734
f 843/843/839 738/738/734 739/739/735
f 837/837/833 736/736/732 733/733/729
f 845/845/841 733/733/729 735/735/731
f 834/834/830 752/752/748 731/731/727
f 846/846/842 731/731/727 728/728/724
f 847/847/843 868/868/864 686/686/682
f 848/848/844 847/847/843 725/725/721
f 848/848/844 726/726/722 721/721/717
f 850/850/846 849/849/845 721/721/717
f 851/851/847 850/850/846 722/722/718
f 852/852/848 851/851/847 719/719/715
f 853/853/849 852/852/848 717/717/713
f 854/854/850 853/853/849 715/715/711
f 855/855/851 688/688/684 710/710/706
f 856/856/852 710/710/706 696/696/692
f 858/858/854 705/705/701 709/709/705
f 860/860/856 859/859/855 709/709/705
f 861/861/857 695/695/691 703/703/699
f 862/862/858 703/703/699 705/705/701
f 860/860/856 701/701/697 698/698/694
f 863/863/859 698/698/694 700/700/696
f 857/857/853 696/696/692 693/693/689
f 865/865/861 693/693/689 695/695/691
f 854/854/850 713/713/709 691/691/687
f 866/866/862 691/691/687 688/688/684
f 867/867/863 684/684/680 686/686/682
f 869/869/865 683/683/679 684/684/680
f 869/869/865 871/871/867 680/680/676
f 870/870/866 679/679/675 680/680/676
f 872/872/868 677/677/673 679/679/675
f 873/873/869 675/675/671 677/677/673
f 874/874/870 673/673/669 675/675/671
f 875/875/871 651/651/647 673/673/669
f 876/876/872 877/877/873 669/669/665
f 877/877/873 884/884/880 655/655/651
f 878/878/874 880/880/876 667/667/663
f 879/879/875 660/660/656 667/667/663
f 881/881/877 882/882/878 662/662/658
f 882/882/878 878/878/874 668/668/664
f 879/879/875 883/883/879 657/657/653
f 883/883/879 844/844/840 739/739/735
f 884/884/880 885/885/881 652/652/648
f 885/885/881 881/881/877 665/665/661
f 875/875/871 886/886/882 649/649/645
f 886/886/882 876/876/872 647/647/643
