# Blender v3.6.23 OBJ File: 'sk.blend'
# www.blender.org
o TruckBase_Skateboard_0.001
v 0.053034 -0.010887 -0.108779
v 0.061490 0.002450 -0.106513
v 0.061490 -0.010887 -0.106513
v 0.061490 -0.010887 0.072646
v 0.053034 0.002450 0.074912
v 0.053034 -0.010887 0.074912
v 0.037207 -0.010887 0.001469
v 0.037207 -0.032567 -0.007310
v 0.037207 -0.010887 -0.003303
v 0.037207 0.002450 0.074912
v 0.000073 -0.010887 0.074912
v 0.037207 -0.010887 0.074912
v 0.037207 -0.010887 -0.027392
v 0.037207 -0.036584 -0.024197
v 0.037207 -0.065993 -0.030102
v 0.067680 -0.010887 -0.100323
v 0.069945 0.002450 -0.091867
v 0.069945 -0.010887 -0.091867
v 0.069945 0.002450 0.058001
v 0.037207 0.002450 -0.108779
v 0.000073 -0.010887 -0.108779
v 0.000073 0.002450 -0.108779
v 0.000073 -0.032136 -0.019585
v 0.037207 -0.036584 -0.024197
v 0.037207 -0.032136 -0.019585
v 0.000073 -0.032567 -0.007310
v 0.037207 -0.031103 -0.014761
v 0.037207 -0.032567 -0.007310
v 0.000073 -0.010887 0.074912
v 0.037207 -0.065704 0.054795
v 0.037207 -0.010887 0.074912
v 0.037207 -0.065704 0.054795
v 0.037207 -0.044401 -0.000312
v 0.037207 -0.010887 -0.108779
v 0.000073 -0.082244 -0.090225
v 0.000073 -0.010887 -0.108779
v 0.037207 -0.010887 -0.108779
v 0.067680 -0.010887 0.066456
v 0.061490 0.002450 0.072646
v 0.069945 -0.010887 0.058001
v 0.067680 0.002450 0.066456
v 0.067680 0.002450 -0.100323
v 0.037207 -0.065993 -0.030102
v 0.000073 -0.082244 -0.090225
v 0.037207 -0.082244 -0.090225
v 0.037207 -0.010887 -0.015578
v 0.037207 -0.031103 -0.014761
v 0.037207 -0.032136 -0.019585
v 0.069945 -0.010887 -0.091867
v 0.037207 -0.010887 -0.020189
v 0.037207 -0.010887 -0.027392
v 0.000073 -0.065704 0.054795
v 0.037207 -0.044401 -0.000312
v 0.037207 -0.065704 0.054795
v 0.037207 -0.010887 -0.010754
v 0.037207 -0.010887 -0.020189
v 0.000073 -0.031103 -0.014761
v 0.000073 -0.036584 -0.024197
v 0.037207 -0.065993 -0.030102
v 0.037207 -0.010887 -0.108779
v 0.037207 -0.082244 -0.090225
v -0.061344 0.002450 -0.106513
v -0.052888 -0.010887 -0.108779
v -0.061344 -0.010887 -0.106513
v -0.052888 0.002450 0.074912
v -0.061344 -0.010887 0.072646
v -0.052888 -0.010887 0.074912
v -0.037061 -0.032567 -0.007310
v -0.037061 -0.010887 0.001469
v -0.037061 -0.010887 -0.003303
v -0.037061 0.002450 0.074912
v -0.037061 -0.010887 0.074912
v -0.037061 -0.010887 -0.027392
v -0.037061 -0.036584 -0.024197
v -0.037061 -0.010887 -0.020189
v -0.069799 0.002450 -0.091867
v -0.067534 -0.010887 -0.100323
v -0.069799 -0.010887 -0.091867
v -0.069799 0.002450 0.058001
v -0.037061 0.002450 -0.108779
v -0.037061 -0.036584 -0.024197
v -0.037061 -0.032136 -0.019585
v -0.037061 -0.031103 -0.014761
v -0.037061 -0.032567 -0.007310
v -0.037061 -0.065704 0.054795
v -0.037061 -0.010887 0.074912
v -0.037061 -0.065704 0.054795
v -0.037061 -0.010887 0.074912
v -0.037061 -0.010887 -0.108779
v -0.037061 -0.010887 -0.108779
v -0.061344 0.002450 0.072646
v -0.067534 -0.010887 0.066456
v -0.067534 0.002450 0.066456
v -0.069799 -0.010887 0.058001
v -0.067534 0.002450 -0.100323
v -0.037061 -0.065993 -0.030102
v 0.000073 -0.065993 -0.030102
v -0.037061 -0.010887 -0.015578
v -0.037061 -0.031103 -0.014761
v -0.037061 -0.010887 -0.010754
v -0.037061 -0.010887 0.001469
v -0.037061 -0.010887 0.074912
v -0.069799 -0.010887 0.058001
v -0.037061 -0.044401 -0.000312
v -0.037061 -0.065704 0.054795
v 0.000073 -0.044401 -0.000312
v -0.037061 -0.032136 -0.019585
v -0.037061 -0.065993 -0.030102
v -0.037061 -0.010887 -0.108779
v -0.037061 -0.065993 -0.030102
v 0.053034 0.002450 -0.108779
v 0.000073 0.002450 0.074912
v 0.000073 -0.065704 0.054795
v 0.037207 -0.010887 0.074912
v 0.037207 -0.082244 -0.090225
v 0.061490 -0.010887 0.072646
v 0.053034 -0.010887 0.074912
v 0.069945 -0.010887 0.058001
v 0.037207 -0.010887 0.074912
v 0.037207 -0.010887 0.001469
v 0.037207 -0.010887 -0.003303
v 0.037207 -0.010887 -0.010754
v 0.067680 -0.010887 0.066456
v 0.067680 -0.010887 -0.100323
v 0.053034 -0.010887 -0.108779
v 0.037207 -0.010887 -0.015578
v 0.061490 -0.010887 -0.106513
v 0.037207 -0.010887 -0.108779
v 0.000073 -0.065993 -0.030102
v -0.052888 0.002450 -0.108779
v -0.037061 -0.044401 -0.000312
v -0.037061 -0.082244 -0.090225
v -0.037061 -0.082244 -0.090225
v -0.052888 -0.010887 0.074912
v -0.061344 -0.010887 0.072646
v -0.067534 -0.010887 0.066456
v -0.069799 -0.010887 -0.091867
v -0.037061 -0.010887 -0.015578
v -0.067534 -0.010887 -0.100323
v -0.052888 -0.010887 -0.108779
v -0.037061 -0.010887 -0.020189
v -0.037061 -0.010887 -0.027392
v -0.061344 -0.010887 -0.106513
v -0.037061 -0.010887 -0.108779
v -0.037061 -0.010887 -0.010754
v -0.037061 -0.010887 -0.003303
v -0.037061 -0.082244 -0.090225
v -0.042874 -0.008960 -0.092057
v -0.046318 -0.016749 -0.081458
v -0.051891 -0.016749 -0.098608
v -0.042874 -0.016749 -0.092057
v -0.057463 -0.016749 -0.081458
v -0.060907 -0.016749 -0.092057
v -0.051891 -0.015896 -0.093856
v -0.048547 -0.022624 -0.092470
v -0.048547 -0.015896 -0.092471
v -0.047162 -0.015896 -0.089127
v -0.048547 -0.015896 -0.085783
v -0.051891 -0.015896 -0.084398
v -0.056619 -0.015896 -0.089127
v -0.055234 -0.015896 -0.092471
v -0.048547 -0.022624 -0.085783
v -0.055234 -0.022624 -0.085783
v -0.055234 -0.022624 -0.092470
v -0.046318 -0.008960 -0.081458
v -0.057463 -0.008960 -0.081458
v -0.060907 -0.008960 -0.092057
v -0.051891 -0.008960 -0.098608
v -0.055234 -0.015896 -0.085783
v -0.051891 -0.022624 -0.093856
v -0.047162 -0.022624 -0.089127
v -0.051891 -0.022624 -0.084398
v -0.056619 -0.022624 -0.089127
v -0.048547 -0.022624 -0.092470
v -0.048547 -0.022624 -0.085783
v -0.055234 -0.022624 -0.085783
v -0.055234 -0.022624 -0.092470
v -0.051891 -0.022624 -0.093856
v -0.047162 -0.022624 -0.089127
v -0.051891 -0.022624 -0.084398
v -0.056619 -0.022624 -0.089127
v 0.061053 -0.008960 -0.092057
v 0.057609 -0.016749 -0.081458
v 0.052037 -0.016749 -0.098608
v 0.061053 -0.016749 -0.092057
v 0.046464 -0.016749 -0.081458
v 0.043020 -0.016749 -0.092057
v 0.052037 -0.015896 -0.093856
v 0.055380 -0.022624 -0.092470
v 0.055380 -0.015896 -0.092471
v 0.056765 -0.015896 -0.089127
v 0.055380 -0.015896 -0.085783
v 0.052037 -0.015896 -0.084398
v 0.047308 -0.015896 -0.089127
v 0.048693 -0.015896 -0.092471
v 0.055380 -0.022624 -0.085783
v 0.048693 -0.022624 -0.085783
v 0.048693 -0.022624 -0.092470
v 0.057609 -0.008960 -0.081458
v 0.046464 -0.008960 -0.081458
v 0.043020 -0.008960 -0.092057
v 0.052037 -0.008960 -0.098608
v 0.048693 -0.015896 -0.085783
v 0.052037 -0.022624 -0.093856
v 0.056765 -0.022624 -0.089127
v 0.052037 -0.022624 -0.084398
v 0.047308 -0.022624 -0.089127
v 0.055380 -0.022624 -0.092470
v 0.055380 -0.022624 -0.085783
v 0.048693 -0.022624 -0.085783
v 0.048693 -0.022624 -0.092470
v 0.052037 -0.022624 -0.093856
v 0.056765 -0.022624 -0.089127
v 0.052037 -0.022624 -0.084398
v 0.047308 -0.022624 -0.089127
v -0.042875 -0.008960 0.055820
v -0.046319 -0.016749 0.066420
v -0.051891 -0.016749 0.049270
v -0.042875 -0.016749 0.055820
v -0.057463 -0.016749 0.066420
v -0.060907 -0.016749 0.055820
v -0.051891 -0.015896 0.054022
v -0.048547 -0.022624 0.055407
v -0.048547 -0.015896 0.055407
v -0.047162 -0.015896 0.058751
v -0.048547 -0.015896 0.062094
v -0.051891 -0.015896 0.063479
v -0.056620 -0.015896 0.058751
v -0.055235 -0.015896 0.055407
v -0.048547 -0.022624 0.062094
v -0.055235 -0.022624 0.062094
v -0.055235 -0.022624 0.055407
v -0.046319 -0.008960 0.066420
v -0.057463 -0.008960 0.066420
v -0.060907 -0.008960 0.055820
v -0.051891 -0.008960 0.049270
v -0.055235 -0.015896 0.062094
v -0.051891 -0.022624 0.054022
v -0.047162 -0.022624 0.058751
v -0.051891 -0.022624 0.063479
v -0.056620 -0.022624 0.058751
v -0.048547 -0.022624 0.055407
v -0.048547 -0.022624 0.062094
v -0.055235 -0.022624 0.062094
v -0.055235 -0.022624 0.055407
v -0.051891 -0.022624 0.054022
v -0.047162 -0.022624 0.058751
v -0.051891 -0.022624 0.063479
v -0.056620 -0.022624 0.058751
v 0.061053 -0.008960 0.055820
v 0.057609 -0.016749 0.066420
v 0.052037 -0.016749 0.049270
v 0.061053 -0.016749 0.055820
v 0.046464 -0.016749 0.066420
v 0.043020 -0.016749 0.055820
v 0.052037 -0.015896 0.054022
v 0.055380 -0.022624 0.055407
v 0.055380 -0.015896 0.055407
v 0.056765 -0.015896 0.058751
v 0.055380 -0.015896 0.062094
v 0.052037 -0.015896 0.063479
v 0.047308 -0.015896 0.058751
v 0.048693 -0.015896 0.055407
v 0.055380 -0.022624 0.062094
v 0.048693 -0.022624 0.062094
v 0.048693 -0.022624 0.055407
v 0.057609 -0.008960 0.066420
v 0.046464 -0.008960 0.066420
v 0.043020 -0.008960 0.055820
v 0.052037 -0.008960 0.049270
v 0.048693 -0.015896 0.062094
v 0.052037 -0.022624 0.054022
v 0.056765 -0.022624 0.058751
v 0.052037 -0.022624 0.063479
v 0.047308 -0.022624 0.058751
v 0.055380 -0.022624 0.055407
v 0.055380 -0.022624 0.062094
v 0.048693 -0.022624 0.062094
v 0.048693 -0.022624 0.055407
v 0.052037 -0.022624 0.054022
v 0.056765 -0.022624 0.058751
v 0.052037 -0.022624 0.063479
v 0.047308 -0.022624 0.058751
v 0.000073 -0.075294 -0.035124
v -0.016284 -0.074640 -0.032039
v -0.012517 -0.076084 -0.038404
v -0.012517 -0.086295 -0.080804
v 0.000073 -0.088933 -0.091389
v 0.000073 -0.087084 -0.084083
v 0.000073 -0.069742 -0.036461
v 0.016430 -0.068920 -0.033417
v 0.012663 -0.070532 -0.039741
v 0.012663 -0.080743 -0.082141
v 0.000073 -0.083213 -0.092767
v 0.000073 -0.081533 -0.085420
v -0.028259 -0.077444 -0.043681
v -0.021733 -0.078241 -0.047364
v 0.012663 -0.086295 -0.080804
v 0.000073 -0.088933 -0.091389
v 0.016430 -0.087907 -0.087128
v -0.032642 -0.081273 -0.059584
v -0.025106 -0.081189 -0.059604
v -0.012517 -0.070532 -0.039741
v -0.028259 -0.071724 -0.045058
v -0.016284 -0.068920 -0.033417
v 0.025252 -0.075638 -0.060941
v 0.028405 -0.079383 -0.076864
v 0.021879 -0.078586 -0.073180
v 0.021879 -0.084137 -0.071844
v 0.028405 -0.085103 -0.075486
v -0.025106 -0.075638 -0.060941
v -0.028259 -0.079383 -0.076864
v -0.032642 -0.075553 -0.060961
v 0.025252 -0.081189 -0.059604
v 0.032788 -0.081273 -0.059584
v 0.021879 -0.094084 -0.043549
v 0.019060 -0.115189 -0.051416
v 0.025252 -0.097032 -0.055788
v 0.000073 -0.126594 -0.068199
v -0.012224 -0.127135 -0.070446
v 0.000073 -0.127906 -0.073649
v 0.016516 -0.117411 -0.060645
v 0.021879 -0.099980 -0.068028
v 0.009566 -0.119039 -0.067402
v 0.012663 -0.102138 -0.076988
v 0.000073 -0.119634 -0.069875
v 0.000073 -0.102927 -0.080268
v -0.021733 -0.094084 -0.043549
v -0.018914 -0.115189 -0.051416
v -0.016370 -0.112966 -0.042186
v -0.025106 -0.097032 -0.055788
v -0.016370 -0.117411 -0.060645
v 0.000073 -0.102927 -0.080268
v -0.009420 -0.119039 -0.067402
v -0.012517 -0.102138 -0.076988
v -0.012517 -0.091926 -0.034589
v -0.009420 -0.111339 -0.035430
v -0.021733 -0.099980 -0.068028
v 0.000073 -0.110743 -0.032957
v 0.000073 -0.091137 -0.031309
v 0.009566 -0.111339 -0.035430
v 0.012663 -0.091926 -0.034589
v 0.016516 -0.112966 -0.042186
v -0.009420 -0.118298 -0.033754
v 0.000073 -0.124559 -0.029629
v 0.000073 -0.117703 -0.031281
v -0.018914 -0.115189 -0.051416
v -0.021225 -0.112310 -0.039461
v -0.016370 -0.112966 -0.042186
v 0.000073 -0.117703 -0.031281
v -0.012224 -0.117161 -0.029033
v -0.009420 -0.118298 -0.033754
v 0.009566 -0.119039 -0.067402
v 0.000073 -0.120947 -0.075325
v 0.000073 -0.119634 -0.069875
v -0.016370 -0.124371 -0.058969
v -0.012224 -0.110202 -0.030709
v -0.009420 -0.111339 -0.035430
v 0.012370 -0.117161 -0.029033
v 0.000073 -0.116390 -0.025830
v -0.009420 -0.119039 -0.067402
v 0.000073 -0.120947 -0.075325
v -0.012224 -0.120175 -0.072122
v -0.018914 -0.122148 -0.049740
v -0.021225 -0.125027 -0.061695
v 0.000073 -0.109431 -0.027506
v 0.000073 -0.110743 -0.032957
v 0.016516 -0.119925 -0.040510
v -0.021225 -0.118068 -0.063371
v -0.016370 -0.117411 -0.060645
v -0.025960 -0.118668 -0.050578
v -0.021225 -0.125027 -0.061695
v -0.024520 -0.122148 -0.049740
v 0.013089 -0.113390 -0.028659
v 0.021371 -0.119269 -0.037785
v 0.022618 -0.115621 -0.037923
v 0.022618 -0.121716 -0.063232
v 0.012370 -0.127135 -0.070446
v 0.013089 -0.123947 -0.072496
v -0.021225 -0.119269 -0.037785
v -0.022472 -0.115621 -0.037923
v -0.022472 -0.121716 -0.063232
v -0.012224 -0.127135 -0.070446
v 0.000073 -0.112573 -0.025268
v 0.012370 -0.117161 -0.029033
v 0.026106 -0.118668 -0.050578
v 0.021371 -0.125027 -0.061695
v 0.000073 -0.124764 -0.075887
v -0.012943 -0.123947 -0.072496
v -0.012943 -0.113390 -0.028659
v 0.000073 -0.116390 -0.025830
v 0.024666 -0.122148 -0.049740
v 0.000073 -0.124764 -0.075887
v 0.000073 -0.127906 -0.073649
v -0.012224 -0.117161 -0.029033
v 0.016516 -0.117411 -0.060645
v 0.012370 -0.120175 -0.072122
v -0.021225 -0.119269 -0.037785
v 0.000073 -0.126594 -0.068199
v 0.012370 -0.127135 -0.070446
v 0.009566 -0.125998 -0.065726
v 0.019060 -0.115189 -0.051416
v 0.021371 -0.118068 -0.063371
v -0.024520 -0.122148 -0.049740
v 0.021371 -0.125027 -0.061695
v 0.016516 -0.112966 -0.042186
v 0.024666 -0.115189 -0.051416
v 0.019060 -0.122148 -0.049740
v 0.024666 -0.122148 -0.049740
v 0.009566 -0.111339 -0.035430
v 0.021371 -0.112310 -0.039461
v -0.024520 -0.115189 -0.051416
v 0.021371 -0.119269 -0.037785
v 0.012370 -0.110202 -0.030709
v -0.012224 -0.110202 -0.030709
v -0.022472 -0.115621 -0.037923
v -0.012943 -0.113390 -0.028659
v 0.012370 -0.120175 -0.072122
v 0.000073 -0.124764 -0.075887
v 0.000073 -0.120947 -0.075325
v 0.024666 -0.115189 -0.051416
v 0.022618 -0.115621 -0.037923
v 0.026106 -0.118668 -0.050578
v 0.000073 -0.112573 -0.025268
v 0.000073 -0.109431 -0.027506
v 0.000073 -0.120947 -0.075325
v -0.012943 -0.123947 -0.072496
v -0.012224 -0.120175 -0.072122
v 0.021371 -0.118068 -0.063371
v 0.022618 -0.121716 -0.063232
v 0.013089 -0.113390 -0.028659
v 0.012370 -0.110202 -0.030709
v -0.022472 -0.121716 -0.063232
v -0.021225 -0.118068 -0.063371
v -0.024520 -0.115189 -0.051416
v -0.021225 -0.112310 -0.039461
v 0.013089 -0.123947 -0.072496
v 0.021371 -0.112310 -0.039461
v -0.025960 -0.118668 -0.050578
v 0.009566 -0.132855 -0.064074
v 0.016516 -0.126782 -0.038859
v -0.009420 -0.125155 -0.032102
v 0.000073 -0.126594 -0.068199
v -0.016370 -0.131228 -0.057318
v -0.016370 -0.124371 -0.058969
v 0.016516 -0.119925 -0.040510
v 0.019060 -0.129005 -0.048088
v 0.019060 -0.122148 -0.049740
v -0.018914 -0.122148 -0.049740
v -0.009420 -0.125155 -0.032102
v -0.009420 -0.118298 -0.033754
v 0.009566 -0.125998 -0.065726
v 0.000073 -0.133450 -0.066547
v 0.000073 -0.126594 -0.068199
v -0.016370 -0.124371 -0.058969
v -0.018914 -0.129005 -0.048088
v -0.018914 -0.122148 -0.049740
v 0.000073 -0.117703 -0.031281
v 0.016516 -0.126782 -0.038859
v 0.016516 -0.119925 -0.040510
v 0.019060 -0.122148 -0.049740
v 0.009566 -0.132855 -0.064074
v 0.009566 -0.125998 -0.065726
v -0.021733 -0.078241 -0.047364
v -0.012517 -0.076084 -0.038404
v 0.000073 -0.075294 -0.035124
v 0.012663 -0.076084 -0.038404
v 0.021879 -0.078241 -0.047364
v 0.025252 -0.081189 -0.059604
v 0.021879 -0.084137 -0.071844
v 0.012663 -0.086295 -0.080804
v 0.000073 -0.087084 -0.084083
v -0.012517 -0.086295 -0.080804
v -0.021733 -0.084137 -0.071844
v -0.025106 -0.081189 -0.059604
v -0.032642 -0.075553 -0.060961
v -0.029707 -0.082439 -0.076988
v -0.034314 -0.078413 -0.060272
v -0.028259 -0.079383 -0.076864
v -0.017121 -0.085386 -0.089225
v -0.016284 -0.082187 -0.088505
v 0.000073 -0.086465 -0.093704
v 0.000073 -0.086465 -0.093704
v 0.016430 -0.082187 -0.088505
v 0.017267 -0.085386 -0.089225
v 0.028405 -0.079383 -0.076864
v 0.029853 -0.082439 -0.076988
v 0.032788 -0.075553 -0.060961
v 0.034460 -0.078413 -0.060272
v 0.029853 -0.074388 -0.043556
v 0.028405 -0.071724 -0.045058
v 0.017267 -0.071441 -0.031320
v 0.016430 -0.068920 -0.033417
v 0.000073 -0.070362 -0.026841
v -0.016284 -0.068920 -0.033417
v -0.017121 -0.071441 -0.031320
v -0.028259 -0.071724 -0.045058
v -0.029707 -0.074388 -0.043556
v -0.021733 -0.084137 -0.071844
v -0.016284 -0.087907 -0.087128
v -0.021733 -0.078586 -0.073180
v -0.016284 -0.082187 -0.088505
v 0.021879 -0.072690 -0.048701
v 0.032788 -0.075553 -0.060961
v 0.012663 -0.076084 -0.038404
v 0.000073 -0.073614 -0.027778
v -0.021733 -0.072690 -0.048701
v -0.028259 -0.085103 -0.075486
v 0.028405 -0.077444 -0.043681
v 0.016430 -0.074640 -0.032039
v 0.016430 -0.082187 -0.088505
v 0.000073 -0.067894 -0.029156
v 0.021879 -0.078241 -0.047364
v -0.012517 -0.080743 -0.082141
v 0.000073 -0.083213 -0.092767
v 0.028405 -0.071724 -0.045058
v -0.029707 -0.074388 -0.043556
v -0.032642 -0.081273 -0.059584
v -0.028259 -0.077444 -0.043681
v -0.017121 -0.071441 -0.031320
v -0.016284 -0.074640 -0.032039
v 0.000073 -0.070362 -0.026841
v 0.000073 -0.073614 -0.027778
v 0.016430 -0.074640 -0.032039
v 0.028405 -0.077444 -0.043681
v 0.017267 -0.071441 -0.031320
v 0.032788 -0.081273 -0.059584
v 0.029853 -0.074388 -0.043556
v 0.028405 -0.085103 -0.075486
v 0.034460 -0.078413 -0.060272
v 0.017267 -0.085386 -0.089225
v 0.016430 -0.087907 -0.087128
v 0.000073 -0.086465 -0.093704
v 0.000073 -0.088933 -0.091389
v -0.016284 -0.087907 -0.087128
v 0.000073 -0.086465 -0.093704
v 0.000073 -0.088933 -0.091389
v -0.028259 -0.085103 -0.075486
v -0.017121 -0.085386 -0.089225
v -0.034314 -0.078413 -0.060272
v 0.000073 -0.087084 -0.084083
v 0.000073 -0.119634 -0.069875
v -0.009420 -0.125155 -0.032102
v 0.000073 -0.119634 -0.069875
v 0.000073 -0.127906 -0.073649
v 0.000073 -0.127906 -0.073649
v 0.000073 -0.124764 -0.075887
v -0.018914 -0.129005 -0.048088
v -0.016370 -0.131228 -0.057318
v 0.000073 -0.133450 -0.066547
v 0.019060 -0.129005 -0.048088
v 0.000073 -0.124559 -0.029629
v 0.000073 -0.133450 -0.066547
v 0.016516 -0.126782 -0.038859
v -0.018914 -0.129005 -0.048088
v 0.009566 -0.132855 -0.064074
v -0.016370 -0.131228 -0.057318
v 0.000073 -0.124559 -0.029629
v 0.019060 -0.129005 -0.048088
v 0.000073 -0.087084 -0.084083
v 0.000073 -0.083213 -0.092767
v 0.000073 -0.083213 -0.092767
v 0.000073 -0.067894 -0.029156
v 0.000073 -0.081533 -0.085420
v 0.029853 -0.082439 -0.076988
v -0.029707 -0.082439 -0.076988
v -0.108406 -0.091525 0.010809
v -0.188991 -0.090662 0.004254
v -0.108406 -0.098079 0.022161
v -0.188991 -0.094054 0.016917
v -0.188991 -0.098079 0.022161
v -0.108406 -0.103324 0.026186
v -0.188991 -0.103324 0.026186
v -0.108406 -0.109432 0.028716
v -0.188991 -0.109432 0.028716
v -0.108406 -0.115986 0.029579
v -0.188991 -0.115986 0.029579
v -0.108406 -0.122541 0.028716
v -0.188991 -0.122541 0.028716
v -0.108406 -0.128648 0.026186
v -0.188991 -0.128648 0.026186
v -0.108406 -0.133893 0.022161
v -0.188991 -0.133893 0.022161
v -0.188991 -0.137918 0.016917
v -0.108406 -0.140448 0.010809
v -0.188991 -0.140448 0.010809
v -0.108406 -0.141311 0.004254
v -0.188991 -0.141311 0.004254
v -0.108406 -0.140448 -0.002300
v -0.188991 -0.140448 -0.002300
v -0.108406 -0.137918 -0.008408
v -0.188991 -0.137918 -0.008408
v -0.108406 -0.133893 -0.013653
v -0.188991 -0.133893 -0.013653
v -0.108406 -0.128648 -0.017677
v -0.188991 -0.128648 -0.017677
v -0.108406 -0.122541 -0.020207
v -0.188991 -0.122541 -0.020207
v -0.108406 -0.115986 -0.021070
v -0.188991 -0.115986 -0.021070
v -0.108406 -0.109432 -0.020207
v -0.188991 -0.109432 -0.020207
v -0.108406 -0.103324 -0.017677
v -0.188991 -0.103324 -0.017677
v -0.108406 -0.098079 -0.013653
v -0.188991 -0.098079 -0.013653
v -0.108406 -0.094054 -0.008408
v -0.188991 -0.094054 -0.008408
v -0.108406 -0.091525 -0.002300
v -0.188991 -0.091525 -0.002300
v -0.108406 -0.090662 0.004254
v -0.188991 -0.091525 0.010809
v -0.199915 -0.129326 0.004254
v 0.000073 -0.087026 0.004013
v -0.011874 -0.070975 0.007219
v 0.000073 -0.070879 0.008054
v -0.018059 -0.094054 0.016917
v -0.017161 -0.074827 0.021877
v 0.000073 -0.098079 0.022162
v -0.018059 -0.098079 0.022162
v 0.000073 -0.103324 0.026186
v -0.018059 -0.103324 0.026186
v 0.000073 -0.109432 0.028716
v -0.018059 -0.109432 0.028716
v 0.000073 -0.115986 0.029579
v -0.018059 -0.115986 0.029579
v 0.000073 -0.122541 0.028716
v -0.018059 -0.122541 0.028716
v 0.000073 -0.128648 0.026186
v -0.018059 -0.128648 0.026186
v 0.000073 -0.133893 0.022162
v -0.018059 -0.133893 0.022162
v 0.000073 -0.137918 0.016917
v -0.018059 -0.137918 0.016917
v 0.000073 -0.140448 0.010809
v -0.018059 -0.140448 0.010809
v -0.018059 -0.141311 0.004254
v -0.018059 -0.140448 0.002386
v 0.000073 -0.137918 0.001312
v -0.018059 -0.137918 -0.000168
v -0.024243 -0.099984 -0.020554
v -0.019370 -0.106852 -0.012684
v -0.030048 -0.109432 -0.018938
v -0.009907 -0.132946 0.004509
v 0.000073 -0.132946 0.012203
v 0.000073 -0.091318 -0.011051
v -0.018059 -0.091318 -0.011051
v -0.018059 -0.089727 -0.003962
v -0.018059 -0.088313 0.003670
v 0.000073 -0.088382 -0.003962
v -0.069030 -0.091525 -0.002300
v -0.069030 -0.094054 -0.008408
v -0.069030 -0.098079 -0.013653
v -0.069030 -0.103324 -0.017677
v -0.069030 -0.109432 -0.020207
v -0.069030 -0.115986 -0.021070
v -0.069030 -0.122541 -0.020207
v -0.069030 -0.128648 -0.017677
v -0.069030 -0.133893 -0.013653
v -0.069030 -0.137918 -0.008408
v -0.069030 -0.140448 -0.002300
v -0.069030 -0.141311 0.004254
v -0.069030 -0.140448 0.010809
v -0.108406 -0.137918 0.016917
v -0.069030 -0.137918 0.016917
v -0.069030 -0.133893 0.022161
v -0.069030 -0.128648 0.026186
v -0.069030 -0.122541 0.028716
v -0.069030 -0.115986 0.029579
v -0.069030 -0.109432 0.028716
v -0.069030 -0.103324 0.026186
v -0.069030 -0.098079 0.022162
v -0.028420 -0.075356 0.023069
v 0.000073 -0.094054 0.016917
v -0.008917 -0.074394 0.022472
v -0.036191 -0.091525 -0.002300
v -0.036191 -0.109432 -0.020525
v -0.036191 -0.122541 -0.014082
v -0.030837 -0.137918 -0.003470
v -0.036191 -0.141311 0.004254
v -0.036191 -0.140448 0.010809
v -0.036191 -0.137918 0.016917
v -0.036191 -0.133893 0.022162
v -0.036191 -0.128648 0.026186
v -0.036191 -0.122541 0.028716
v -0.036191 -0.115986 0.029579
v -0.036191 -0.109432 0.028716
v -0.036191 -0.103324 0.026186
v -0.036191 -0.098079 0.022162
v -0.069030 -0.094054 0.016917
v -0.069030 -0.090662 0.004254
v -0.037400 -0.070730 0.010372
v -0.029230 -0.071104 0.009809
v -0.038721 -0.074222 0.021658
v -0.108406 -0.094054 0.016917
v 0.000073 -0.099759 -0.086814
v -0.012813 -0.098036 -0.083846
v -0.012813 -0.108282 -0.078533
v 0.000073 -0.095449 -0.065629
v -0.016192 -0.093768 -0.063085
v -0.030731 -0.092574 -0.056920
v -0.025698 -0.105679 -0.066371
v -0.030731 -0.102979 -0.053712
v -0.036191 -0.105328 -0.022529
v -0.034736 -0.091493 -0.040603
v -0.019266 -0.093133 -0.042723
v -0.018059 -0.091767 -0.017138
v -0.034736 -0.102057 -0.039501
v 0.000073 -0.092545 -0.023325
v -0.036191 -0.094441 -0.013653
v -0.025698 -0.095433 -0.071685
v 0.000073 -0.110004 -0.082754
v -0.036191 -0.094054 -0.008408
v -0.036191 -0.115986 -0.016874
v -0.031181 -0.115986 -0.015580
v -0.031686 -0.122541 -0.012917
v -0.035443 -0.128648 -0.011048
v -0.029992 -0.128648 -0.009639
v -0.033548 -0.133893 -0.007228
v -0.027215 -0.133893 -0.005591
v -0.025216 -0.140448 0.000536
v -0.035825 -0.093723 0.016972
v -0.035825 -0.090330 0.004309
v -0.019968 -0.070813 0.009213
v -0.045594 -0.070781 0.014710
v 0.000073 -0.092067 -0.047046
v 0.000073 -0.129260 0.009403
v -0.017134 -0.129260 -0.000458
v 0.000073 -0.124455 0.006352
v -0.019326 -0.124455 -0.004166
v 0.000073 -0.118860 0.003750
v -0.020663 -0.118860 -0.007169
v 0.000073 -0.112856 0.001192
v -0.020264 -0.112856 -0.009608
v 0.000073 -0.106852 -0.002153
v 0.000073 -0.096516 -0.006389
v -0.018186 -0.096516 -0.016566
v -0.006475 -0.046750 0.012532
v 0.000073 -0.050150 0.013599
v -0.011979 -0.054574 0.027758
v 0.000073 -0.054335 0.027655
v -0.004705 -0.054026 0.027183
v -0.011920 -0.047825 0.014692
v -0.013502 -0.053283 0.028170
v -0.013958 -0.045762 0.022650
v -0.010221 -0.047825 0.014692
v -0.013958 -0.047825 0.014692
v 0.000073 -0.046782 0.014001
v -0.010441 -0.054431 0.027920
v -0.196817 -0.102646 0.004254
v -0.196817 -0.103101 0.000802
v -0.196817 -0.104433 -0.002416
v -0.196817 -0.106553 -0.005179
v -0.196817 -0.109316 -0.007299
v -0.196817 -0.122656 -0.007299
v -0.196817 -0.125419 -0.005179
v -0.196817 -0.129326 0.004254
v -0.196817 -0.128872 0.007707
v -0.196817 -0.125419 0.013687
v -0.196817 -0.122656 0.015807
v -0.199915 -0.115986 -0.005337
v -0.209368 -0.118469 -0.005010
v -0.209368 -0.115986 -0.005337
v -0.196817 -0.112534 -0.008631
v -0.196817 -0.109316 0.015807
v -0.199915 -0.106553 0.013687
v -0.196817 -0.127539 0.010924
v -0.196817 -0.119439 -0.008631
v -0.196817 -0.115986 -0.009086
v -0.196817 -0.106553 0.013687
v -0.199915 -0.104433 0.010924
v -0.199915 -0.127539 0.010924
v -0.196817 -0.104433 0.010924
v -0.199915 -0.103101 0.000802
v -0.196817 -0.119439 0.017140
v -0.196817 -0.127539 -0.002416
v -0.196817 -0.115986 0.017594
v -0.199915 -0.119439 0.017140
v -0.196817 -0.128872 0.000802
v -0.199915 -0.115986 0.017594
v -0.196817 -0.112534 0.017140
v -0.199915 -0.106722 0.001772
v -0.199915 -0.104433 -0.002416
v -0.199915 -0.106553 -0.005179
v -0.199915 -0.111191 -0.004052
v -0.199915 -0.109316 -0.007299
v -0.199915 -0.112534 -0.008631
v -0.199915 -0.113504 -0.005010
v -0.199915 -0.115986 -0.009086
v -0.199915 -0.119439 -0.008631
v -0.199915 -0.118469 -0.005010
v -0.199915 -0.122656 -0.007299
v -0.199915 -0.125419 -0.005179
v -0.199915 -0.127539 -0.002416
v -0.199915 -0.124292 -0.000541
v -0.199915 -0.125251 0.001772
v -0.199915 -0.128872 0.000802
v -0.199915 -0.125577 0.004254
v -0.199915 -0.128872 0.007707
v -0.199915 -0.124292 0.009050
v -0.199915 -0.125419 0.013687
v -0.199915 -0.122656 0.015807
v -0.199915 -0.112534 0.017140
v -0.199915 -0.109316 0.015807
v -0.199915 -0.107680 0.009050
v -0.199915 -0.106722 0.006737
v -0.199915 -0.102646 0.004254
v -0.209368 -0.109204 0.011036
v -0.199915 -0.109204 0.011036
v -0.209368 -0.122768 0.011036
v -0.209368 -0.124292 0.009050
v -0.209368 -0.120782 -0.004052
v -0.209368 -0.107680 0.009050
v -0.209368 -0.106395 0.004254
v -0.199915 -0.106395 0.004254
v -0.199915 -0.122768 0.011036
v -0.209368 -0.120782 0.012561
v -0.199915 -0.120782 -0.004052
v -0.209368 -0.122768 -0.002528
v -0.199915 -0.107680 -0.000541
v -0.209368 -0.106722 0.001772
v -0.199915 -0.120782 0.012561
v -0.209368 -0.118469 0.013519
v -0.199915 -0.122768 -0.002528
v -0.209368 -0.124292 -0.000541
v -0.199915 -0.109204 -0.002528
v -0.209368 -0.107680 -0.000541
v -0.199915 -0.118469 0.013519
v -0.209368 -0.115986 0.013846
v -0.209368 -0.125251 0.001772
v -0.209368 -0.109204 -0.002528
v -0.199915 -0.113504 0.013519
v -0.199915 -0.115986 0.013846
v -0.209368 -0.125577 0.004254
v -0.209368 -0.111191 -0.004052
v -0.199915 -0.111191 0.012561
v -0.209368 -0.113504 0.013519
v -0.209368 -0.125251 0.006737
v -0.209368 -0.113504 -0.005010
v -0.209368 -0.111191 0.012561
v -0.199915 -0.125251 0.006737
v 0.189137 -0.090662 0.004254
v 0.189137 -0.091525 0.010809
v 0.189137 -0.094055 0.016917
v 0.108552 -0.098079 0.022162
v 0.189137 -0.098079 0.022162
v 0.108552 -0.103324 0.026186
v 0.189137 -0.103324 0.026186
v 0.108552 -0.109432 0.028716
v 0.189137 -0.109432 0.028716
v 0.108552 -0.115986 0.029579
v 0.189137 -0.115986 0.029579
v 0.108552 -0.122541 0.028716
v 0.189137 -0.122541 0.028716
v 0.189137 -0.128649 0.026186
v 0.108552 -0.128649 0.026186
v 0.108552 -0.133893 0.022162
v 0.189137 -0.133893 0.022162
v 0.189137 -0.137918 0.016917
v 0.108552 -0.137918 0.016917
v 0.108552 -0.140448 0.010809
v 0.189137 -0.140448 0.010809
v 0.108552 -0.141311 0.004254
v 0.189137 -0.141311 0.004254
v 0.108552 -0.140448 -0.002300
v 0.189137 -0.140448 -0.002300
v 0.108552 -0.137918 -0.008408
v 0.189137 -0.137918 -0.008408
v 0.108552 -0.133893 -0.013653
v 0.189137 -0.133893 -0.013653
v 0.108552 -0.128649 -0.017677
v 0.189137 -0.128649 -0.017677
v 0.108552 -0.122541 -0.020207
v 0.189137 -0.122541 -0.020207
v 0.108552 -0.115986 -0.021070
v 0.189137 -0.115986 -0.021070
v 0.108552 -0.109432 -0.020207
v 0.189137 -0.109432 -0.020207
v 0.189137 -0.103324 -0.017677
v 0.108552 -0.103324 -0.017677
v 0.108552 -0.098079 -0.013653
v 0.189137 -0.098079 -0.013653
v 0.108552 -0.094055 -0.008408
v 0.189137 -0.094055 -0.008408
v 0.108552 -0.091525 -0.002300
v 0.189137 -0.091525 -0.002300
v 0.069176 -0.090662 0.004254
v 0.108552 -0.090662 0.004254
v 0.200061 -0.129326 0.004254
v 0.196963 -0.128872 0.007707
v 0.196963 -0.129326 0.004254
v 0.012020 -0.070975 0.007219
v 0.018205 -0.088313 0.003670
v 0.017307 -0.074827 0.021877
v 0.018205 -0.094055 0.016917
v 0.035971 -0.093723 0.016972
v 0.018205 -0.098079 0.022162
v 0.018205 -0.103324 0.026186
v 0.018205 -0.109432 0.028716
v 0.018205 -0.115986 0.029579
v 0.018205 -0.122541 0.028716
v 0.018205 -0.128648 0.026186
v 0.018205 -0.133893 0.022162
v 0.018205 -0.137918 0.016917
v 0.018205 -0.140448 0.010809
v 0.018205 -0.141311 0.004254
v 0.018205 -0.140448 0.002386
v 0.018205 -0.137918 -0.000168
v 0.019516 -0.106852 -0.012684
v 0.024389 -0.099984 -0.020554
v 0.030194 -0.109432 -0.018938
v 0.010053 -0.132946 0.004509
v 0.018205 -0.091318 -0.011051
v 0.018205 -0.089727 -0.003962
v 0.069176 -0.091525 -0.002300
v 0.069176 -0.094055 -0.008408
v 0.069176 -0.098079 -0.013653
v 0.069176 -0.103324 -0.017677
v 0.069176 -0.109432 -0.020207
v 0.069176 -0.115986 -0.021070
v 0.069176 -0.122541 -0.020207
v 0.069176 -0.128649 -0.017677
v 0.069176 -0.133893 -0.013653
v 0.069176 -0.137918 -0.008408
v 0.069176 -0.140448 -0.002300
v 0.069176 -0.141311 0.004254
v 0.069176 -0.140448 0.010809
v 0.069176 -0.137918 0.016917
v 0.069176 -0.133893 0.022162
v 0.069176 -0.128649 0.026186
v 0.069176 -0.122541 0.028716
v 0.069176 -0.115986 0.029579
v 0.069176 -0.109432 0.028716
v 0.069176 -0.103324 0.026186
v 0.069176 -0.098079 0.022162
v 0.028566 -0.075356 0.023069
v 0.069176 -0.094055 0.016917
v 0.009063 -0.074394 0.022472
v 0.036337 -0.091525 -0.002300
v 0.035971 -0.090330 0.004309
v 0.036337 -0.094055 -0.008408
v 0.036337 -0.105328 -0.022529
v 0.036337 -0.109432 -0.020525
v 0.036337 -0.115986 -0.016874
v 0.035589 -0.128648 -0.011048
v 0.036337 -0.141311 0.004254
v 0.036337 -0.140448 0.010809
v 0.036337 -0.137918 0.016917
v 0.036337 -0.133893 0.022162
v 0.036337 -0.128648 0.026186
v 0.036337 -0.122541 0.028716
v 0.036337 -0.115986 0.029579
v 0.036337 -0.109432 0.028716
v 0.036337 -0.103324 0.026186
v 0.036337 -0.098079 0.022162
v 0.037546 -0.070730 0.010372
v 0.038867 -0.074222 0.021658
v 0.108552 -0.094055 0.016917
v 0.012959 -0.098036 -0.083846
v 0.012959 -0.108282 -0.078533
v 0.025844 -0.105679 -0.066371
v 0.016338 -0.093768 -0.063085
v 0.030877 -0.092574 -0.056920
v 0.030877 -0.102979 -0.053712
v 0.034882 -0.091493 -0.040603
v 0.036337 -0.094441 -0.013653
v 0.019412 -0.093133 -0.042723
v 0.018205 -0.091767 -0.017138
v 0.025844 -0.095433 -0.071685
v 0.036337 -0.122541 -0.014082
v 0.031328 -0.115986 -0.015580
v 0.031832 -0.122541 -0.012917
v 0.033694 -0.133893 -0.007228
v 0.030138 -0.128648 -0.009639
v 0.030983 -0.137918 -0.003470
v 0.027361 -0.133893 -0.005591
v 0.025362 -0.140448 0.000536
v 0.029376 -0.071104 0.009809
v 0.034882 -0.102057 -0.039501
v 0.017280 -0.129260 -0.000458
v 0.019472 -0.124455 -0.004166
v 0.020809 -0.118860 -0.007169
v 0.020410 -0.112856 -0.009608
v 0.018332 -0.096516 -0.016566
v 0.006621 -0.046750 0.012532
v 0.020114 -0.070813 0.009213
v 0.012125 -0.054574 0.027758
v 0.000073 -0.074081 0.022256
v 0.012066 -0.047825 0.014692
v 0.045740 -0.070781 0.014710
v 0.013648 -0.053283 0.028170
v 0.010367 -0.047825 0.014692
v 0.014104 -0.047825 0.014692
v 0.014104 -0.045762 0.022650
v 0.010587 -0.054431 0.027920
v 0.196963 -0.109316 -0.007298
v 0.196963 -0.112534 -0.008631
v 0.196963 -0.122656 0.015807
v 0.196963 -0.119439 0.017140
v 0.196963 -0.115986 0.017594
v 0.196963 -0.109316 0.015807
v 0.209514 -0.118469 -0.005010
v 0.200061 -0.115986 -0.009086
v 0.196963 -0.115986 -0.009086
v 0.200061 -0.106553 0.013687
v 0.196963 -0.106553 0.013687
v 0.200061 -0.128872 0.007707
v 0.196963 -0.127539 0.010924
v 0.196963 -0.119439 -0.008631
v 0.196963 -0.104433 0.010924
v 0.200061 -0.127539 0.010924
v 0.196963 -0.125419 0.013687
v 0.200061 -0.119439 -0.008631
v 0.196963 -0.122656 -0.007298
v 0.196963 -0.103101 0.007707
v 0.196963 -0.102646 0.004254
v 0.200061 -0.103101 0.000802
v 0.196963 -0.103101 0.000802
v 0.196963 -0.125419 -0.005178
v 0.200061 -0.102646 0.004254
v 0.196963 -0.104433 -0.002416
v 0.200061 -0.122656 0.015807
v 0.196963 -0.127539 -0.002416
v 0.196963 -0.106553 -0.005178
v 0.200061 -0.119439 0.017140
v 0.200061 -0.127539 -0.002416
v 0.196963 -0.128872 0.000802
v 0.200061 -0.112534 0.017140
v 0.196963 -0.112534 0.017140
v 0.200061 -0.128872 0.000802
v 0.200061 -0.112534 -0.008631
v 0.200061 -0.109316 0.015807
v 0.200061 -0.106722 0.001772
v 0.200061 -0.107680 -0.000541
v 0.200061 -0.106553 -0.005178
v 0.200061 -0.111191 -0.004052
v 0.200061 -0.113504 -0.005010
v 0.200061 -0.115986 -0.005337
v 0.200061 -0.118469 -0.005010
v 0.200061 -0.122656 -0.007298
v 0.200061 -0.120782 -0.004052
v 0.200061 -0.125419 -0.005178
v 0.200061 -0.125251 0.001772
v 0.200061 -0.122768 0.011036
v 0.200061 -0.113504 0.013519
v 0.200061 -0.111191 0.012561
v 0.200061 -0.109204 0.011036
v 0.200061 -0.104433 0.010924
v 0.200061 -0.107680 0.009050
v 0.200061 -0.106722 0.006737
v 0.209514 -0.109204 0.011036
v 0.200061 -0.124293 0.009050
v 0.209514 -0.122768 0.011036
v 0.209514 -0.120782 -0.004052
v 0.209514 -0.107680 0.009050
v 0.209514 -0.106395 0.004254
v 0.200061 -0.106395 0.004254
v 0.209514 -0.120782 0.012561
v 0.200061 -0.120782 0.012561
v 0.209514 -0.122768 -0.002528
v 0.200061 -0.122768 -0.002528
v 0.209514 -0.106722 0.001772
v 0.209514 -0.118469 0.013519
v 0.200061 -0.118469 0.013519
v 0.209514 -0.124293 -0.000541
v 0.200061 -0.124293 -0.000541
v 0.209514 -0.107680 -0.000541
v 0.200061 -0.109204 -0.002528
v 0.209514 -0.115986 0.013846
v 0.200061 -0.115986 0.013846
v 0.209514 -0.125251 0.001772
v 0.209514 -0.109204 -0.002528
v 0.209514 -0.125578 0.004254
v 0.200061 -0.125578 0.004254
v 0.209514 -0.111191 -0.004052
v 0.209514 -0.113504 0.013519
v 0.209514 -0.125251 0.006737
v 0.200061 -0.125251 0.006737
v 0.209514 -0.113504 -0.005010
v 0.209514 -0.111191 0.012561
v 0.209514 -0.124293 0.009050
v 0.000073 -0.141311 0.004254
v 0.000073 -0.091767 -0.017138
v -0.196817 -0.103101 0.007707
v -0.199915 -0.103101 0.007707
v -0.209368 -0.106722 0.006737
v 0.108552 -0.091525 0.010809
v 0.004851 -0.054026 0.027183
v 0.209514 -0.115986 -0.005337
v 0.200061 -0.103101 0.007707
v 0.200061 -0.104433 -0.002416
v 0.200061 -0.109316 -0.007298
v 0.200061 -0.125419 0.013687
v 0.200061 -0.115986 0.017594
v 0.209514 -0.106722 0.006737
v -0.256829 -0.100666 0.003645
v -0.272666 -0.108719 0.017593
v -0.256829 -0.108719 0.017593
v -0.272666 -0.108719 0.017593
v -0.256829 -0.124824 0.017593
v -0.256829 -0.108719 0.017593
v -0.272666 -0.124824 0.017593
v -0.256829 -0.132877 0.003645
v -0.256829 -0.124824 0.017593
v -0.272666 -0.132877 0.003645
v -0.256829 -0.124824 -0.010302
v -0.256829 -0.132877 0.003645
v -0.272666 -0.124824 -0.010302
v -0.272666 -0.132877 0.003645
v -0.272666 -0.124824 0.017593
v -0.272666 -0.124824 -0.010302
v -0.256829 -0.108719 -0.010302
v -0.256829 -0.124824 -0.010302
v -0.272666 -0.108719 -0.010302
v -0.256829 -0.100666 0.003645
v -0.256829 -0.108719 -0.010302
v -0.256829 -0.100666 0.003645
v -0.272666 -0.100666 0.003645
v -0.272666 -0.108719 0.017593
v -0.272666 -0.108719 0.017593
v -0.272666 -0.124824 0.017593
v -0.256829 -0.124824 0.017593
v -0.272666 -0.124824 0.017593
v -0.272666 -0.132877 0.003645
v -0.256829 -0.132877 0.003645
v -0.272666 -0.132877 0.003645
v -0.272666 -0.124824 -0.010302
v -0.256829 -0.124824 -0.010302
v -0.272666 -0.124824 0.017593
v -0.272666 -0.108719 0.017593
v -0.272666 -0.100666 0.003645
v -0.272666 -0.108719 -0.010302
v -0.272666 -0.108719 -0.010302
v -0.272666 -0.124824 -0.010302
v -0.272666 -0.124824 0.017593
v -0.272666 -0.108719 -0.010302
v -0.272666 -0.108719 -0.010302
v -0.272666 -0.100666 0.003645
v -0.256829 -0.100666 0.003645
v 0.256976 -0.100666 0.003645
v 0.272813 -0.108719 -0.010302
v 0.256976 -0.108719 -0.010302
v 0.272813 -0.108719 -0.010302
v 0.256976 -0.124824 -0.010302
v 0.256976 -0.108719 -0.010302
v 0.272813 -0.124824 -0.010302
v 0.256976 -0.132877 0.003645
v 0.256976 -0.124824 -0.010302
v 0.272813 -0.132877 0.003645
v 0.256976 -0.124824 0.017593
v 0.256976 -0.132877 0.003645
v 0.272813 -0.124824 0.017593
v 0.272813 -0.132877 0.003645
v 0.272813 -0.124824 -0.010302
v 0.272813 -0.124824 0.017593
v 0.256976 -0.108719 0.017593
v 0.256976 -0.124824 0.017593
v 0.272813 -0.108719 0.017593
v 0.256976 -0.100666 0.003645
v 0.256976 -0.108719 0.017593
v 0.256976 -0.100666 0.003645
v 0.272813 -0.100666 0.003645
v 0.272813 -0.108719 -0.010302
v 0.272813 -0.108719 -0.010302
v 0.272813 -0.124824 -0.010302
v 0.256976 -0.124824 -0.010302
v 0.272813 -0.124824 -0.010302
v 0.272813 -0.132877 0.003645
v 0.256976 -0.132877 0.003645
v 0.272813 -0.132877 0.003645
v 0.272813 -0.124824 0.017593
v 0.256976 -0.124824 0.017593
v 0.272813 -0.124824 -0.010302
v 0.272813 -0.108719 -0.010302
v 0.272813 -0.100666 0.003645
v 0.272813 -0.108719 0.017593
v 0.272813 -0.108719 0.017593
v 0.272813 -0.124824 0.017593
v 0.272813 -0.124824 -0.010302
v 0.272813 -0.108719 0.017593
v 0.272813 -0.108719 0.017593
v 0.272813 -0.100666 0.003645
v 0.256976 -0.100666 0.003645
vt 0.687400 0.110957
vt 0.697345 0.086400
vt 0.692805 0.110957
vt 0.720091 0.110957
vt 0.716472 0.081850
vt 0.723161 0.048538
vt 0.626997 0.048865
vt 0.689417 0.072995
vt 0.845912 0.155459
vt 0.797293 0.184447
vt 0.797293 0.155459
vt 0.706710 0.110957
vt 0.705785 0.088058
vt 0.711249 0.086888
vt 0.972986 0.281660
vt 0.903308 0.249835
vt 0.910310 0.249835
vt 0.701245 0.110957
vt 0.711933 0.110957
vt 0.812279 0.110958
vt 0.791263 0.030131
vt 0.697345 0.086400
vt 0.687400 0.110957
vt 0.692805 0.110957
vt 0.720091 0.110957
vt 0.716472 0.081850
vt 0.711933 0.110957
vt 0.626997 0.048865
vt 0.604210 0.110958
vt 0.845912 0.155459
vt 0.845912 0.184447
vt 0.706710 0.110957
vt 0.705785 0.088058
vt 0.701245 0.110957
vt 0.882254 0.249835
vt 0.810861 0.249835
vt 0.827301 0.281660
vt 0.711249 0.086888
vt 0.812279 0.110958
vt 0.723161 0.048538
vt 0.604210 0.110958
vt 0.813064 0.273440
vt 0.810861 0.265220
vt 0.827301 0.281660
vt 0.810861 0.249835
vt 0.882254 0.249835
vt 0.886893 0.249835
vt 0.894136 0.249835
vt 0.819081 0.279457
vt 0.981205 0.279457
vt 0.989425 0.265220
vt 0.898826 0.249835
vt 0.987222 0.273440
vt 0.989425 0.249835
vt 0.689417 0.072995
vt 0.797293 0.155459
vt 0.810861 0.265220
vt 0.813064 0.273440
vt 0.819081 0.279457
vt 0.972986 0.281660
vt 0.898826 0.249835
vt 0.981205 0.279457
vt 0.989425 0.265220
vt 0.903308 0.249835
vt 0.910310 0.249835
vt 0.987222 0.273440
vt 0.989425 0.249835
vt 0.894136 0.249835
vt 0.886893 0.249835
vt 0.791263 0.030131
vt 0.886064 0.117293
vt 0.905348 0.077549
vt 0.886064 0.077549
vt 0.905348 0.117293
vt 0.924632 0.077549
vt 0.924632 0.117293
vt 0.943917 0.077549
vt 0.847495 0.117293
vt 0.866779 0.077549
vt 0.847495 0.077549
vt 0.866779 0.117293
vt 0.911532 0.071560
vt 0.893191 0.046317
vt 0.881856 0.061918
vt 0.943917 0.117293
vt 0.893191 0.077519
vt 0.911532 0.052276
vt 0.911561 0.066828
vt 0.915990 0.077519
vt 0.926680 0.073091
vt 0.926680 0.066828
vt 0.922252 0.062400
vt 0.915990 0.062400
vt 0.911561 0.073091
vt 0.922252 0.077519
vt 0.886064 0.117293
vt 0.905348 0.077549
vt 0.886064 0.077549
vt 0.905348 0.117293
vt 0.924632 0.077549
vt 0.924632 0.117293
vt 0.943917 0.077549
vt 0.847495 0.117293
vt 0.866779 0.077549
vt 0.847495 0.077549
vt 0.866779 0.117293
vt 0.911532 0.071560
vt 0.893191 0.046317
vt 0.881856 0.061918
vt 0.943917 0.117293
vt 0.893191 0.077519
vt 0.911532 0.052276
vt 0.911561 0.066828
vt 0.915990 0.077519
vt 0.926680 0.073091
vt 0.926680 0.066828
vt 0.922252 0.062400
vt 0.915990 0.062400
vt 0.911561 0.073091
vt 0.922252 0.077519
vt 0.886064 0.117293
vt 0.905348 0.077549
vt 0.886064 0.077549
vt 0.905348 0.117293
vt 0.924632 0.077549
vt 0.924632 0.117293
vt 0.943917 0.077549
vt 0.847495 0.117293
vt 0.866779 0.077549
vt 0.847495 0.077549
vt 0.866779 0.117293
vt 0.911532 0.071560
vt 0.893191 0.046317
vt 0.881856 0.061918
vt 0.943917 0.117293
vt 0.893191 0.077519
vt 0.911532 0.052276
vt 0.911561 0.066828
vt 0.915990 0.077519
vt 0.926680 0.073091
vt 0.926680 0.066828
vt 0.922252 0.062400
vt 0.915990 0.062400
vt 0.911561 0.073091
vt 0.922252 0.077519
vt 0.886064 0.117293
vt 0.905348 0.077549
vt 0.886064 0.077549
vt 0.905348 0.117293
vt 0.924632 0.077549
vt 0.924632 0.117293
vt 0.943917 0.077549
vt 0.847495 0.117293
vt 0.866779 0.077549
vt 0.847495 0.077549
vt 0.866779 0.117293
vt 0.911532 0.071560
vt 0.893191 0.046317
vt 0.881856 0.061918
vt 0.943917 0.117293
vt 0.893191 0.077519
vt 0.911532 0.052276
vt 0.911561 0.066828
vt 0.915990 0.077519
vt 0.926680 0.073091
vt 0.926680 0.066828
vt 0.922252 0.062400
vt 0.915990 0.062400
vt 0.911561 0.073091
vt 0.922252 0.077519
vt 0.674107 0.278935
vt 0.665766 0.270771
vt 0.669000 0.282262
vt 0.666957 0.228340
vt 0.674425 0.217619
vt 0.667270 0.217575
vt 0.651040 0.250919
vt 0.655413 0.239274
vt 0.650028 0.239925
vt 0.667270 0.217575
vt 0.661616 0.228540
vt 0.666957 0.228340
vt 0.655901 0.164297
vt 0.662852 0.153876
vt 0.657838 0.154392
vt 0.669748 0.259505
vt 0.654998 0.228556
vt 0.649556 0.228950
vt 0.661469 0.207234
vt 0.661489 0.217697
vt 0.653654 0.272734
vt 0.661009 0.284068
vt 0.659208 0.271790
vt 0.668903 0.248601
vt 0.664404 0.260280
vt 0.654875 0.217637
vt 0.649424 0.217879
vt 0.667626 0.197518
vt 0.657749 0.260978
vt 0.652334 0.261896
vt 0.653570 0.174545
vt 0.660846 0.165063
vt 0.661877 0.238880
vt 0.675222 0.158535
vt 0.667066 0.166606
vt 0.672139 0.167872
vt 0.651837 0.185189
vt 0.658730 0.175224
vt 0.663097 0.249384
vt 0.664871 0.176384
vt 0.650569 0.196034
vt 0.657169 0.185642
vt 0.669185 0.187105
vt 0.663583 0.186520
vt 0.649700 0.206884
vt 0.655944 0.196312
vt 0.656457 0.250066
vt 0.662408 0.197089
vt 0.655077 0.206876
vt 0.787606 0.287707
vt 0.745740 0.298925
vt 0.756958 0.340790
vt 0.674107 0.278935
vt 0.677292 0.258144
vt 0.669748 0.259505
vt 0.667626 0.197518
vt 0.676082 0.187992
vt 0.669185 0.187105
vt 0.668903 0.248601
vt 0.674328 0.227856
vt 0.666957 0.228340
vt 0.672139 0.167872
vt 0.681280 0.160342
vt 0.675222 0.158535
vt 0.669748 0.259505
vt 0.676154 0.247816
vt 0.668903 0.248601
vt 0.667270 0.217575
vt 0.674853 0.197882
vt 0.667626 0.197518
vt 0.669185 0.187105
vt 0.678862 0.169198
vt 0.672139 0.167872
vt 0.674328 0.227856
vt 0.654846 0.283198
vt 0.670310 0.155470
vt 0.787606 0.340790
vt 0.798823 0.329572
vt 0.798823 0.298925
vt 0.756958 0.287707
vt 0.745740 0.329572
vt 0.681280 0.277454
vt 0.674853 0.197882
vt 0.676154 0.247816
vt 0.678862 0.169198
vt 0.677292 0.258144
vt 0.674425 0.217619
vt 0.676082 0.187992
vt 0.961626 0.519544
vt 0.942575 0.561375
vt 0.961626 0.568731
vt 0.942575 0.561375
vt 0.918209 0.591804
vt 0.961626 0.568731
vt 0.915449 0.570001
vt 0.875895 0.568420
vt 0.918209 0.591804
vt 0.891571 0.554472
vt 0.876109 0.518986
vt 0.875895 0.568420
vt 0.895851 0.527351
vt 0.891571 0.554472
vt 0.915449 0.570001
vt 0.895851 0.527351
vt 0.919107 0.495007
vt 0.876109 0.518986
vt 0.922607 0.516966
vt 0.961626 0.519544
vt 0.919107 0.495007
vt 0.961626 0.519544
vt 0.945656 0.534083
vt 0.942575 0.561375
vt 0.942575 0.561375
vt 0.915449 0.570001
vt 0.918209 0.591804
vt 0.915449 0.570001
vt 0.891571 0.554472
vt 0.875895 0.568420
vt 0.891571 0.554472
vt 0.895851 0.527351
vt 0.876109 0.518986
vt 0.915449 0.570001
vt 0.942575 0.561375
vt 0.945656 0.534083
vt 0.922607 0.516966
vt 0.922607 0.516966
vt 0.895851 0.527351
vt 0.915449 0.570001
vt 0.922607 0.516966
vt 0.922607 0.516966
vt 0.945656 0.534083
vt 0.961626 0.519544
vt 0.961626 0.519544
vt 0.942575 0.561375
vt 0.961626 0.568731
vt 0.942575 0.561375
vt 0.918209 0.591804
vt 0.961626 0.568731
vt 0.915449 0.570001
vt 0.875895 0.568420
vt 0.918209 0.591804
vt 0.891571 0.554472
vt 0.876109 0.518986
vt 0.875895 0.568420
vt 0.895851 0.527351
vt 0.891571 0.554472
vt 0.915449 0.570001
vt 0.895851 0.527351
vt 0.919107 0.495007
vt 0.876109 0.518986
vt 0.922607 0.516966
vt 0.961626 0.519544
vt 0.919107 0.495007
vt 0.961626 0.519544
vt 0.945656 0.534083
vt 0.942575 0.561375
vt 0.942575 0.561375
vt 0.915449 0.570001
vt 0.918209 0.591804
vt 0.915449 0.570001
vt 0.891571 0.554472
vt 0.875895 0.568420
vt 0.891571 0.554472
vt 0.895851 0.527351
vt 0.876109 0.518986
vt 0.915449 0.570001
vt 0.942575 0.561375
vt 0.945656 0.534083
vt 0.922607 0.516966
vt 0.922607 0.516966
vt 0.895851 0.527351
vt 0.915449 0.570001
vt 0.922607 0.516966
vt 0.922607 0.516966
vt 0.945656 0.534083
vt 0.961626 0.519544
vt 0.778190 0.220497
vt 0.785203 0.209813
vt 0.785203 0.220497
vt 0.933318 0.220497
vt 0.940332 0.209813
vt 0.940332 0.220497
vt 0.953011 0.209813
vt 0.982760 0.220497
vt 0.953011 0.220497
vt 0.792216 0.220497
vt 0.799229 0.209813
vt 0.799229 0.220497
vt 0.919292 0.209813
vt 0.765511 0.209813
vt 0.735762 0.220497
vt 0.735762 0.209813
vt 0.874329 0.184447
vt 0.869328 0.155459
vt 0.874329 0.155459
vt 0.884109 0.184447
vt 0.878181 0.155459
vt 0.884109 0.155459
vt 0.986547 0.184447
vt 0.940963 0.155459
vt 0.986547 0.155459
vt 0.739736 0.155459
vt 0.797293 0.184447
vt 0.739736 0.184447
vt 0.765511 0.220497
vt 0.926305 0.220497
vt 0.933318 0.209813
vt 0.919292 0.220497
vt 0.926305 0.209813
vt 0.792216 0.209813
vt 0.940963 0.184447
vt 0.894841 0.155459
vt 0.940963 0.155459
vt 0.878181 0.184447
vt 0.869328 0.184447
vt 0.845912 0.155459
vt 0.785203 0.209813
vt 0.778190 0.220497
vt 0.785203 0.220497
vt 0.940332 0.209813
vt 0.933318 0.220497
vt 0.940332 0.220497
vt 0.953011 0.209813
vt 0.953011 0.220497
vt 0.799229 0.209813
vt 0.792216 0.220497
vt 0.799229 0.220497
vt 0.919292 0.209813
vt 0.765511 0.209813
vt 0.869328 0.155459
vt 0.874329 0.155459
vt 0.878181 0.155459
vt 0.884109 0.155459
vt 0.940963 0.155459
vt 0.986547 0.155459
vt 0.739736 0.155459
vt 0.765511 0.220497
vt 0.933318 0.209813
vt 0.926305 0.220497
vt 0.926305 0.209813
vt 0.919292 0.220497
vt 0.792216 0.209813
vt 0.894841 0.155459
vt 0.940963 0.155459
vt 0.894841 0.184447
vt 0.845912 0.155459
vt 0.778190 0.209813
vt 0.982760 0.209813
vt 0.940963 0.184447
vt 0.797293 0.155459
vt 0.845912 0.184447
vt 0.778190 0.209813
vt 0.797293 0.155459
vt 0.881826 0.058732
vt 0.847495 0.052469
vt 0.847495 0.058732
vt 0.881826 0.052469
vt 0.847495 0.046207
vt 0.881826 0.046207
vt 0.847495 0.039944
vt 0.881826 0.039944
vt 0.847495 0.033682
vt 0.881826 0.033682
vt 0.847495 0.027419
vt 0.881826 0.077519
vt 0.847495 0.071257
vt 0.847495 0.077519
vt 0.881826 0.071257
vt 0.847495 0.064994
vt 0.881826 0.064994
vt 0.881826 0.027419
vt 0.881826 0.058732
vt 0.847495 0.052469
vt 0.847495 0.058732
vt 0.881826 0.052469
vt 0.847495 0.046207
vt 0.881826 0.046207
vt 0.847495 0.039944
vt 0.881826 0.039944
vt 0.847495 0.033682
vt 0.881826 0.033682
vt 0.847495 0.027419
vt 0.881826 0.077519
vt 0.847495 0.071257
vt 0.847495 0.077519
vt 0.881826 0.071257
vt 0.847495 0.064994
vt 0.881826 0.064994
vt 0.881826 0.027419
vt 0.881826 0.058732
vt 0.847495 0.052469
vt 0.847495 0.058732
vt 0.881826 0.052469
vt 0.847495 0.046207
vt 0.881826 0.046207
vt 0.847495 0.039944
vt 0.881826 0.039944
vt 0.847495 0.033682
vt 0.881826 0.033682
vt 0.847495 0.027419
vt 0.881826 0.077519
vt 0.847495 0.071257
vt 0.847495 0.077519
vt 0.881826 0.071257
vt 0.847495 0.064994
vt 0.881826 0.064994
vt 0.881826 0.027419
vt 0.881826 0.058732
vt 0.847495 0.052469
vt 0.847495 0.058732
vt 0.881826 0.052469
vt 0.847495 0.046207
vt 0.881826 0.046207
vt 0.847495 0.039944
vt 0.881826 0.039944
vt 0.847495 0.033682
vt 0.881826 0.033682
vt 0.847495 0.027419
vt 0.881826 0.077519
vt 0.847495 0.071257
vt 0.847495 0.077519
vt 0.881826 0.071257
vt 0.847495 0.064994
vt 0.881826 0.064994
vt 0.881826 0.027419
vt 0.613742 0.217838
vt 0.607444 0.230947
vt 0.613840 0.230446
vt 0.619849 0.279360
vt 0.616951 0.293852
vt 0.622488 0.290818
vt 0.595069 0.218066
vt 0.602530 0.204824
vt 0.595626 0.204616
vt 0.603435 0.153108
vt 0.611601 0.139960
vt 0.604687 0.141063
vt 0.608258 0.243943
vt 0.614603 0.243066
vt 0.620648 0.156202
vt 0.617658 0.141050
vt 0.614731 0.154730
vt 0.609867 0.256667
vt 0.616024 0.255492
vt 0.595064 0.231554
vt 0.602921 0.244515
vt 0.602080 0.231168
vt 0.598683 0.178013
vt 0.607430 0.166244
vt 0.601004 0.165306
vt 0.618603 0.168367
vt 0.612505 0.167063
vt 0.598098 0.258534
vt 0.607002 0.269828
vt 0.604742 0.257522
vt 0.616820 0.180586
vt 0.610542 0.179491
vt 0.630483 0.194573
vt 0.651837 0.185189
vt 0.631807 0.182850
vt 0.653570 0.174545
vt 0.633622 0.171227
vt 0.655901 0.164297
vt 0.635968 0.159722
vt 0.657838 0.154392
vt 0.639071 0.147518
vt 0.629830 0.242000
vt 0.651040 0.250919
vt 0.650028 0.239925
vt 0.630971 0.253775
vt 0.652334 0.261896
vt 0.636803 0.288089
vt 0.653654 0.272734
vt 0.634438 0.276766
vt 0.629200 0.230137
vt 0.649556 0.228950
vt 0.632530 0.265367
vt 0.649424 0.217879
vt 0.629097 0.218243
vt 0.649700 0.206884
vt 0.629532 0.206385
vt 0.650569 0.196034
vt 0.659786 0.249735
vt 0.664404 0.260280
vt 0.663097 0.249384
vt 0.658309 0.207062
vt 0.662408 0.197089
vt 0.659193 0.196691
vt 0.661833 0.175813
vt 0.667066 0.166606
vt 0.663968 0.165787
vt 0.661877 0.238880
vt 0.658680 0.239078
vt 0.661086 0.260619
vt 0.665766 0.270771
vt 0.658194 0.217679
vt 0.661469 0.207234
vt 0.660388 0.186096
vt 0.664871 0.176384
vt 0.665151 0.283669
vt 0.662540 0.271319
vt 0.658320 0.228534
vt 0.661489 0.217697
vt 0.663583 0.186520
vt 0.666651 0.154212
vt 0.670310 0.155470
vt 0.661616 0.228540
vt 0.654998 0.228556
vt 0.658680 0.239078
vt 0.658320 0.228534
vt 0.660846 0.165063
vt 0.666651 0.154212
vt 0.662852 0.153876
vt 0.657169 0.185642
vt 0.659193 0.196691
vt 0.660388 0.186096
vt 0.658194 0.217679
vt 0.654875 0.217637
vt 0.661009 0.284068
vt 0.662540 0.271319
vt 0.659208 0.271790
vt 0.658730 0.175224
vt 0.661833 0.175813
vt 0.658309 0.207062
vt 0.655077 0.206876
vt 0.661086 0.260619
vt 0.657749 0.260978
vt 0.656457 0.250066
vt 0.655413 0.239274
vt 0.663968 0.165787
vt 0.655944 0.196312
vt 0.659786 0.249735
vt 0.614603 0.243066
vt 0.613840 0.230446
vt 0.613742 0.217838
vt 0.614299 0.205308
vt 0.615724 0.192945
vt 0.616820 0.180586
vt 0.618603 0.168367
vt 0.620648 0.156202
vt 0.623469 0.144191
vt 0.619849 0.279360
vt 0.617852 0.267570
vt 0.616024 0.255492
vt 0.604742 0.257522
vt 0.609462 0.269346
vt 0.607315 0.257082
vt 0.607002 0.269828
vt 0.611692 0.281267
vt 0.609278 0.281718
vt 0.614098 0.294778
vt 0.614760 0.140074
vt 0.609624 0.153875
vt 0.612207 0.154286
vt 0.607430 0.166244
vt 0.609972 0.166656
vt 0.605359 0.178797
vt 0.607958 0.179150
vt 0.606309 0.191974
vt 0.603659 0.191712
vt 0.605204 0.204974
vt 0.602530 0.204824
vt 0.604680 0.217987
vt 0.602080 0.231168
vt 0.604779 0.231058
vt 0.602921 0.244515
vt 0.605610 0.244222
vt 0.617852 0.267570
vt 0.614154 0.280774
vt 0.600792 0.270878
vt 0.609278 0.281718
vt 0.596822 0.191193
vt 0.605359 0.178797
vt 0.614299 0.205308
vt 0.607332 0.218011
vt 0.595464 0.245289
vt 0.611918 0.268877
vt 0.608937 0.192230
vt 0.607851 0.205125
vt 0.609624 0.153875
vt 0.601999 0.217963
vt 0.615724 0.192945
vt 0.603375 0.282523
vt 0.611195 0.294852
vt 0.603659 0.191712
vt 0.605610 0.244222
vt 0.609867 0.256667
vt 0.608258 0.243943
vt 0.604779 0.231058
vt 0.607444 0.230947
vt 0.604680 0.217987
vt 0.607332 0.218011
vt 0.607851 0.205125
vt 0.608937 0.192230
vt 0.605204 0.204974
vt 0.610542 0.179491
vt 0.606309 0.191974
vt 0.612505 0.167063
vt 0.607958 0.179150
vt 0.612207 0.154286
vt 0.614731 0.154730
vt 0.614760 0.140074
vt 0.617658 0.141050
vt 0.614154 0.280774
vt 0.614098 0.294778
vt 0.616951 0.293852
vt 0.611918 0.268877
vt 0.611692 0.281267
vt 0.607315 0.257082
vt 0.623469 0.144191
vt 0.654846 0.283198
vt 0.669000 0.282262
vt 0.665151 0.283669
vt 0.622488 0.290818
vt 0.611195 0.294852
vt 0.611601 0.139960
vt 0.601999 0.217963
vt 0.604663 0.293873
vt 0.609972 0.166656
vt 0.609462 0.269346
vt 0.665363 0.758798
vt 0.664156 0.790777
vt 0.677513 0.787211
vt 0.647128 0.957472
vt 0.666362 0.942320
vt 0.656977 0.938749
vt 0.637903 0.951418
vt 0.648793 0.934466
vt 0.629472 0.944957
vt 0.641503 0.929540
vt 0.621754 0.937985
vt 0.634958 0.924010
vt 0.614738 0.930446
vt 0.629077 0.917907
vt 0.608457 0.922321
vt 0.623991 0.911243
vt 0.602956 0.913620
vt 0.619500 0.904146
vt 0.615839 0.896564
vt 0.594582 0.894612
vt 0.612965 0.888651
vt 0.591905 0.884437
vt 0.610927 0.880458
vt 0.590392 0.873995
vt 0.609772 0.872076
vt 0.590084 0.863475
vt 0.609525 0.863603
vt 0.590832 0.853052
vt 0.610183 0.855144
vt 0.592445 0.842719
vt 0.611758 0.846756
vt 0.594875 0.832288
vt 0.614208 0.838419
vt 0.598307 0.821598
vt 0.617713 0.830162
vt 0.603246 0.810759
vt 0.622354 0.822115
vt 0.610048 0.800235
vt 0.628199 0.814445
vt 0.618424 0.790411
vt 0.635251 0.807335
vt 0.628185 0.781410
vt 0.643518 0.800933
vt 0.639219 0.773120
vt 0.653082 0.795366
vt 0.642798 0.752545
vt 0.651510 0.765174
vt 0.657356 0.963324
vt 0.677593 0.945011
vt 0.631750 0.883295
vt 0.631120 0.876937
vt 0.630180 0.877124
vt 0.927675 0.961772
vt 0.944898 0.922755
vt 0.939637 0.920606
vt 0.885963 0.678108
vt 0.902325 0.726818
vt 0.893578 0.676404
vt 0.628160 0.984622
vt 0.641527 0.987135
vt 0.631536 0.980000
vt 0.618217 0.977220
vt 0.621746 0.972692
vt 0.608477 0.969332
vt 0.612263 0.964951
vt 0.599090 0.960768
vt 0.603202 0.956599
vt 0.590215 0.951414
vt 0.594692 0.947524
vt 0.582009 0.941222
vt 0.586862 0.937675
vt 0.574616 0.930197
vt 0.579835 0.927050
vt 0.568149 0.918384
vt 0.573713 0.915678
vt 0.562677 0.905853
vt 0.568556 0.903595
vt 0.558169 0.892702
vt 0.564311 0.890778
vt 0.563103 0.886617
vt 0.866611 0.973064
vt 0.877157 0.971575
vt 0.870213 0.964095
vt 0.807584 0.870944
vt 0.813360 0.896636
vt 0.826988 0.885537
vt 0.850318 0.968973
vt 0.837576 0.985811
vt 0.597771 0.749793
vt 0.590391 0.763565
vt 0.601869 0.755521
vt 0.615454 0.745657
vt 0.630252 0.735487
vt 0.611611 0.738938
vt 0.630539 0.761279
vt 0.618864 0.770452
vt 0.608175 0.780691
vt 0.598873 0.792040
vt 0.591212 0.804420
vt 0.586599 0.817539
vt 0.583830 0.829650
vt 0.581636 0.840844
vt 0.579938 0.851871
vt 0.578903 0.863202
vt 0.579048 0.874954
vt 0.580813 0.886716
vt 0.583957 0.898096
vt 0.598303 0.904366
vt 0.588225 0.908879
vt 0.593460 0.919045
vt 0.599570 0.928575
vt 0.606472 0.937454
vt 0.614091 0.945689
vt 0.622361 0.953323
vt 0.631236 0.960444
vt 0.640703 0.967210
vt 0.907889 0.724568
vt 0.906896 0.670594
vt 0.878462 0.680651
vt 0.899161 0.729415
vt 0.622880 0.751094
vt 0.602013 0.767237
vt 0.582066 0.791208
vt 0.579468 0.800742
vt 0.572010 0.815618
vt 0.567484 0.830710
vt 0.565488 0.845503
vt 0.564857 0.859670
vt 0.565276 0.871728
vt 0.570342 0.889075
vt 0.574233 0.901487
vt 0.579067 0.913125
vt 0.584858 0.924065
vt 0.591540 0.934297
vt 0.599021 0.943801
vt 0.607194 0.952586
vt 0.615956 0.960702
vt 0.625208 0.968257
vt 0.634867 0.975429
vt 0.650730 0.973860
vt 0.953740 0.980013
vt 0.959348 0.924387
vt 0.955330 0.924513
vt 0.914444 0.724787
vt 0.922008 0.664267
vt 0.921343 0.802687
vt 0.889260 0.808512
vt 0.916858 0.812314
vt 0.847346 0.796374
vt 0.863923 0.767877
vt 0.876975 0.738558
vt 0.925461 0.852531
vt 0.918117 0.860178
vt 0.912226 0.876186
vt 0.883153 0.843984
vt 0.883808 0.880758
vt 0.878462 0.964507
vt 0.911473 0.916784
vt 0.884670 0.919560
vt 0.927533 0.976007
vt 0.919068 0.911225
vt 0.919684 0.976050
vt 0.822804 0.872186
vt 0.832474 0.829417
vt 0.790335 0.856319
vt 0.909352 0.985811
vt 0.913065 0.838651
vt 0.878320 0.725781
vt 0.635529 0.741992
vt 0.611496 0.760622
vt 0.829579 0.881513
vt 0.839899 0.897438
vt 0.837763 0.900743
vt 0.851085 0.911667
vt 0.849194 0.914650
vt 0.861099 0.925760
vt 0.858853 0.929403
vt 0.868716 0.940379
vt 0.866217 0.944810
vt 0.874584 0.953449
vt 0.878320 0.966127
vt 0.564812 0.882223
vt 0.645035 0.982707
vt 0.940567 0.974354
vt 0.951207 0.922854
vt 0.937653 0.668319
vt 0.934533 0.727760
vt 0.927533 0.900366
vt 0.834236 0.974820
vt 0.848826 0.951865
vt 0.827690 0.961712
vt 0.842370 0.937200
vt 0.818566 0.948790
vt 0.833485 0.923455
vt 0.808418 0.935579
vt 0.823029 0.910660
vt 0.799142 0.920722
vt 0.781525 0.898268
vt 0.795606 0.876330
vt 0.958574 0.860079
vt 0.951490 0.866570
vt 0.916389 0.779409
vt 0.910123 0.782024
vt 0.912657 0.781760
vt 0.964561 0.862996
vt 0.917847 0.782507
vt 0.937653 0.795128
vt 0.934239 0.967313
vt 0.984287 0.981214
vt 0.968929 0.985811
vt 0.964626 0.862256
vt 0.984287 0.855923
vt 0.964299 0.862156
vt 0.954195 0.858266
vt 0.971158 0.922872
vt 0.915633 0.780300
vt 0.669673 0.815600
vt 0.662339 0.817536
vt 0.655594 0.820549
vt 0.649549 0.824434
vt 0.644246 0.829015
vt 0.639713 0.834145
vt 0.635957 0.839694
vt 0.632968 0.845565
vt 0.630735 0.851710
vt 0.629515 0.858063
vt 0.629064 0.864429
vt 0.629245 0.870797
vt 0.633931 0.889229
vt 0.636679 0.894849
vt 0.639847 0.900240
vt 0.643717 0.905124
vt 0.647951 0.909641
vt 0.652714 0.913657
vt 0.657997 0.917055
vt 0.663794 0.919705
vt 0.670123 0.921440
vt 0.676844 0.922134
vt 0.677457 0.814792
vt 0.761872 0.897070
vt 0.710701 0.891894
vt 0.710701 0.897070
vt 0.636810 0.840205
vt 0.640510 0.834771
vt 0.664129 0.918798
vt 0.658456 0.916226
vt 0.632660 0.883015
vt 0.670305 0.920444
vt 0.634801 0.888860
vt 0.633865 0.845961
vt 0.676930 0.921073
vt 0.662702 0.818595
vt 0.669875 0.816716
vt 0.637505 0.894409
vt 0.631678 0.851974
vt 0.677593 0.815915
vt 0.656104 0.821512
vt 0.640626 0.899711
vt 0.630468 0.858190
vt 0.650177 0.825289
vt 0.644424 0.904521
vt 0.630022 0.864450
vt 0.644970 0.829758
vt 0.653275 0.912905
vt 0.648595 0.908967
vt 0.630199 0.870715
vt 0.671103 0.825167
vt 0.665334 0.826540
vt 0.659904 0.828819
vt 0.654925 0.831850
vt 0.650477 0.835498
vt 0.646613 0.839642
vt 0.643372 0.844173
vt 0.640790 0.848996
vt 0.638914 0.854036
vt 0.637784 0.859235
vt 0.637345 0.864517
vt 0.637847 0.869962
vt 0.638570 0.875449
vt 0.639859 0.880784
vt 0.641682 0.885935
vt 0.643991 0.890862
vt 0.646742 0.895504
vt 0.649955 0.899779
vt 0.653560 0.903670
vt 0.657544 0.907076
vt 0.661885 0.909900
vt 0.666546 0.912038
vt 0.671461 0.913364
vt 0.676411 0.913666
vt 0.677075 0.824871
vt 0.761873 0.814260
vt 0.710702 0.819436
vt 0.761875 0.819436
vt 0.761875 0.855665
vt 0.710704 0.850489
vt 0.710704 0.855665
vt 0.761872 0.891894
vt 0.710701 0.886719
vt 0.761872 0.809084
vt 0.710701 0.814260
vt 0.761875 0.922948
vt 0.710704 0.928123
vt 0.761875 0.928123
vt 0.761875 0.850489
vt 0.710704 0.845314
vt 0.761873 0.886718
vt 0.710701 0.881543
vt 0.710704 0.933299
vt 0.761875 0.933299
vt 0.761875 0.917772
vt 0.710703 0.922948
vt 0.761876 0.845314
vt 0.710704 0.840138
vt 0.761873 0.881543
vt 0.710702 0.876367
vt 0.761873 0.912596
vt 0.710702 0.917772
vt 0.761876 0.840138
vt 0.710704 0.834962
vt 0.761875 0.876367
vt 0.710702 0.871192
vt 0.761873 0.907421
vt 0.710701 0.912596
vt 0.761875 0.829787
vt 0.761875 0.834962
vt 0.761875 0.871192
vt 0.710703 0.866016
vt 0.761872 0.902245
vt 0.710701 0.907421
vt 0.761875 0.824611
vt 0.710704 0.829787
vt 0.761875 0.866016
vt 0.710704 0.860841
vt 0.710701 0.902245
vt 0.710704 0.824611
vt 0.761875 0.860841
vt 0.664156 0.790777
vt 0.665363 0.758798
vt 0.677513 0.787211
vt 0.666362 0.942320
vt 0.647128 0.957472
vt 0.656977 0.938749
vt 0.637903 0.951418
vt 0.648793 0.934466
vt 0.629472 0.944957
vt 0.641503 0.929540
vt 0.621754 0.937985
vt 0.634958 0.924010
vt 0.614738 0.930446
vt 0.629077 0.917907
vt 0.623991 0.911243
vt 0.608457 0.922321
vt 0.602956 0.913620
vt 0.619500 0.904146
vt 0.615839 0.896564
vt 0.598303 0.904366
vt 0.594582 0.894612
vt 0.612965 0.888651
vt 0.591905 0.884437
vt 0.610927 0.880458
vt 0.590392 0.873995
vt 0.609772 0.872076
vt 0.590084 0.863475
vt 0.609525 0.863603
vt 0.590832 0.853052
vt 0.610183 0.855144
vt 0.592445 0.842719
vt 0.611758 0.846756
vt 0.594875 0.832288
vt 0.614208 0.838419
vt 0.598307 0.821598
vt 0.617713 0.830162
vt 0.603246 0.810759
vt 0.622354 0.822115
vt 0.628199 0.814445
vt 0.610048 0.800235
vt 0.618424 0.790411
vt 0.635251 0.807335
vt 0.628185 0.781410
vt 0.643518 0.800933
vt 0.639219 0.773120
vt 0.653082 0.795366
vt 0.642798 0.752545
vt 0.651510 0.765174
vt 0.677593 0.945011
vt 0.657356 0.963324
vt 0.631120 0.876937
vt 0.631750 0.883295
vt 0.630180 0.877124
vt 0.944898 0.922755
vt 0.934239 0.967313
vt 0.902325 0.726818
vt 0.885963 0.678108
vt 0.893578 0.676404
vt 0.641527 0.987135
vt 0.631536 0.980000
vt 0.621746 0.972692
vt 0.612263 0.964951
vt 0.603202 0.956599
vt 0.594692 0.947524
vt 0.586862 0.937675
vt 0.579835 0.927050
vt 0.573713 0.915678
vt 0.568556 0.903595
vt 0.564311 0.890778
vt 0.563103 0.886617
vt 0.877157 0.971575
vt 0.870213 0.964095
vt 0.813360 0.896636
vt 0.807584 0.870944
vt 0.826988 0.885537
vt 0.850318 0.968973
vt 0.590391 0.763565
vt 0.601869 0.755521
vt 0.615454 0.745657
vt 0.630252 0.735487
vt 0.627034 0.728471
vt 0.630539 0.761279
vt 0.618864 0.770452
vt 0.608175 0.780691
vt 0.598873 0.792040
vt 0.591212 0.804420
vt 0.586599 0.817539
vt 0.583830 0.829650
vt 0.581636 0.840844
vt 0.579938 0.851871
vt 0.578903 0.863202
vt 0.579048 0.874954
vt 0.580813 0.886716
vt 0.583957 0.898096
vt 0.588225 0.908879
vt 0.593460 0.919045
vt 0.599570 0.928575
vt 0.606472 0.937454
vt 0.614091 0.945689
vt 0.622361 0.953323
vt 0.631236 0.960444
vt 0.640703 0.967210
vt 0.907889 0.724568
vt 0.906896 0.670594
vt 0.899161 0.729415
vt 0.622880 0.751094
vt 0.635529 0.741992
vt 0.602013 0.767237
vt 0.611496 0.760622
vt 0.582066 0.791208
vt 0.579468 0.800742
vt 0.572010 0.815618
vt 0.567484 0.830710
vt 0.565488 0.845503
vt 0.564857 0.859670
vt 0.565276 0.871728
vt 0.570342 0.889075
vt 0.564812 0.882223
vt 0.574233 0.901487
vt 0.579067 0.913125
vt 0.584858 0.924065
vt 0.591540 0.934297
vt 0.599021 0.943801
vt 0.607194 0.952586
vt 0.615956 0.960702
vt 0.625208 0.968257
vt 0.650730 0.973860
vt 0.634867 0.975429
vt 0.953740 0.980013
vt 0.959348 0.924387
vt 0.968929 0.985811
vt 0.914444 0.724787
vt 0.922008 0.664267
vt 0.889260 0.808512
vt 0.916858 0.812314
vt 0.847346 0.796374
vt 0.876975 0.738558
vt 0.863923 0.767877
vt 0.918117 0.860178
vt 0.883153 0.843984
vt 0.912226 0.876186
vt 0.883808 0.880758
vt 0.878462 0.964507
vt 0.911473 0.916784
vt 0.909352 0.985811
vt 0.919068 0.911225
vt 0.919684 0.976050
vt 0.832474 0.829417
vt 0.822804 0.872186
vt 0.913065 0.838651
vt 0.839899 0.897438
vt 0.829579 0.881513
vt 0.851085 0.911667
vt 0.837763 0.900743
vt 0.861099 0.925760
vt 0.849194 0.914650
vt 0.868716 0.940379
vt 0.858853 0.929403
vt 0.874584 0.953449
vt 0.866217 0.944810
vt 0.878320 0.966127
vt 0.940567 0.974354
vt 0.955330 0.924513
vt 0.937653 0.668319
vt 0.884670 0.919560
vt 0.848826 0.951865
vt 0.842370 0.937200
vt 0.833485 0.923455
vt 0.823029 0.910660
vt 0.795606 0.876330
vt 0.958574 0.860079
vt 0.951207 0.922854
vt 0.916389 0.779409
vt 0.895533 0.731242
vt 0.964561 0.862996
vt 0.934533 0.727760
vt 0.917847 0.782507
vt 0.984287 0.981214
vt 0.964626 0.862256
vt 0.964299 0.862156
vt 0.984287 0.855923
vt 0.971158 0.922872
vt 0.915633 0.780300
vt 0.669673 0.815600
vt 0.662339 0.817536
vt 0.655594 0.820549
vt 0.649549 0.824434
vt 0.644246 0.829015
vt 0.639713 0.834145
vt 0.635957 0.839694
vt 0.632968 0.845565
vt 0.630735 0.851710
vt 0.629515 0.858063
vt 0.629064 0.864429
vt 0.629245 0.870797
vt 0.633931 0.889229
vt 0.636679 0.894849
vt 0.639847 0.900240
vt 0.643717 0.905124
vt 0.647951 0.909641
vt 0.652714 0.913657
vt 0.657997 0.917055
vt 0.663794 0.919705
vt 0.670123 0.921440
vt 0.676844 0.922134
vt 0.677457 0.814792
vt 0.761872 0.897070
vt 0.710701 0.891894
vt 0.761872 0.891894
vt 0.636810 0.840205
vt 0.664129 0.918798
vt 0.632660 0.883015
vt 0.670305 0.920444
vt 0.634801 0.888860
vt 0.633865 0.845961
vt 0.676930 0.921073
vt 0.662702 0.818595
vt 0.637505 0.894409
vt 0.631678 0.851974
vt 0.669875 0.816716
vt 0.656104 0.821512
vt 0.640626 0.899711
vt 0.630468 0.858190
vt 0.650177 0.825289
vt 0.644424 0.904521
vt 0.630022 0.864450
vt 0.644970 0.829758
vt 0.653275 0.912905
vt 0.630199 0.870715
vt 0.640510 0.834771
vt 0.658456 0.916226
vt 0.671103 0.825167
vt 0.665334 0.826540
vt 0.659904 0.828819
vt 0.654925 0.831850
vt 0.650477 0.835498
vt 0.646613 0.839642
vt 0.643372 0.844173
vt 0.640790 0.848996
vt 0.638914 0.854036
vt 0.637784 0.859235
vt 0.637345 0.864517
vt 0.637847 0.869962
vt 0.638570 0.875449
vt 0.639859 0.880784
vt 0.641682 0.885935
vt 0.643991 0.890862
vt 0.646742 0.895504
vt 0.649955 0.899779
vt 0.653560 0.903670
vt 0.657544 0.907076
vt 0.661885 0.909900
vt 0.666546 0.912038
vt 0.671461 0.913364
vt 0.676411 0.913666
vt 0.677075 0.824871
vt 0.710702 0.819436
vt 0.761873 0.814260
vt 0.761875 0.819436
vt 0.761875 0.855665
vt 0.710704 0.850489
vt 0.761875 0.850489
vt 0.710701 0.886719
vt 0.761873 0.886718
vt 0.710701 0.814260
vt 0.761872 0.809084
vt 0.710704 0.928123
vt 0.761875 0.922948
vt 0.761875 0.928123
vt 0.710704 0.845314
vt 0.761876 0.845314
vt 0.710701 0.881543
vt 0.761873 0.881543
vt 0.710704 0.933299
vt 0.761875 0.933299
vt 0.710703 0.922948
vt 0.761875 0.917772
vt 0.710704 0.840138
vt 0.761876 0.840138
vt 0.710702 0.876367
vt 0.761875 0.876367
vt 0.710702 0.917772
vt 0.761873 0.912596
vt 0.710704 0.834962
vt 0.761875 0.834962
vt 0.710702 0.871192
vt 0.761875 0.871192
vt 0.710701 0.912596
vt 0.761873 0.907421
vt 0.761875 0.829787
vt 0.710703 0.866016
vt 0.761875 0.866016
vt 0.710701 0.907421
vt 0.761872 0.902245
vt 0.710704 0.829787
vt 0.761875 0.824611
vt 0.710704 0.860841
vt 0.761875 0.860841
vt 0.710701 0.902245
vt 0.710704 0.824611
vt 0.710704 0.855665
vt 0.668377 0.967785
vt 0.638190 0.991799
vt 0.875149 0.980917
vt 0.586351 0.757815
vt 0.892541 0.795270
vt 0.710701 0.809084
vt 0.668377 0.967785
vt 0.645035 0.982707
vt 0.912657 0.781760
vt 0.937653 0.795128
vt 0.710701 0.897070
vt 0.677593 0.815915
vt 0.648595 0.908967
vt 0.710701 0.809084
vn 1.0000 0.0000 0.0000
vn 0.0000 -0.9654 0.2609
vn 0.0000 -1.0000 0.0000
vn -1.0000 0.0000 0.0000
vn 0.5878 0.0000 -0.8090
vn 0.9511 0.0000 0.3090
vn 0.0000 0.0000 1.0000
vn -0.9511 0.0000 0.3090
vn -0.5878 0.0000 -0.8090
vn 0.0000 -0.9722 0.2341
vn -0.2588 0.2262 0.9391
vn 0.0000 0.9722 -0.2341
vn -0.5000 -0.2028 -0.8420
vn 0.9659 0.0606 0.2516
vn -0.8660 0.1171 0.4861
vn 0.2588 -0.2262 -0.9391
vn -0.9659 -0.0606 -0.2516
vn 0.5000 0.2028 0.8420
vn 0.8660 -0.1171 -0.4861
vn -0.0000 0.8660 0.5000
vn 0.0000 -0.8660 0.5000
vn -0.0000 -0.8660 -0.5000
vn -0.0000 0.0000 -1.0000
vn -0.0000 0.8660 -0.5000
vn 0.1305 0.0000 -0.9914
vn 0.5000 0.0000 -0.8660
vn 0.5000 0.0000 0.8660
vn 0.1305 0.0000 0.9914
vn 0.8660 0.0000 -0.5000
vn 0.9914 0.0000 -0.1305
vn 0.9914 0.0000 0.1305
vn 0.0000 -0.8827 0.4699
vn 0.0000 -0.4801 0.8772
vn -0.0000 -0.8166 -0.5772
vn 0.0000 -1.0000 0.0085
vn 0.0000 -0.3445 0.9388
vn 0.0000 -0.2516 -0.9678
vn 0.8660 0.0000 0.5000
vn 0.0000 -0.9327 -0.3606
vn -0.0000 -0.7630 -0.6464
vn 0.0000 -0.1969 0.9804
vn -0.5000 0.0000 -0.8660
vn -0.1305 0.0000 -0.9914
vn -0.1305 0.0000 0.9914
vn -0.5000 0.0000 0.8660
vn -0.9914 0.0000 -0.1305
vn -0.8660 0.0000 -0.5000
vn -0.9914 0.0000 0.1305
vn -0.8660 0.0000 0.5000
vn 0.7071 -0.0000 -0.7071
vn 0.7071 0.0000 0.7071
vn -0.7071 0.0000 0.7071
vn -0.7071 -0.0000 -0.7071
vn -0.0000 -0.9748 0.2229
vn 0.0058 -0.9745 0.2244
vn 0.0058 -0.9698 0.2438
vn 0.0031 -0.9694 0.2453
vn -0.0000 0.9694 -0.2453
vn -0.0058 0.9698 -0.2438
vn -0.0058 0.9745 -0.2244
vn -0.0031 0.9748 -0.2229
vn 0.0100 -0.9735 0.2285
vn -0.0058 -0.9698 0.2438
vn -0.0031 -0.9694 0.2453
vn 0.0115 -0.9721 0.2341
vn 0.0058 0.9698 -0.2438
vn 0.0100 0.9708 -0.2397
vn -0.0115 0.9721 -0.2341
vn -0.0100 0.9735 -0.2285
vn -0.0100 -0.9708 0.2397
vn 0.0115 0.9721 -0.2341
vn 0.0100 0.9735 -0.2285
vn -0.0115 -0.9721 0.2341
vn 0.8555 -0.0355 0.5166
vn 0.9492 -0.3060 0.0737
vn 0.9878 -0.1511 0.0364
vn 0.8220 -0.4171 -0.3877
vn 0.8555 -0.2667 -0.4438
vn 0.4746 -0.4984 -0.7255
vn 0.4939 -0.3514 -0.7953
vn 0.2465 -0.5119 -0.8229
vn 0.2559 -0.3697 -0.8932
vn -0.8555 -0.0355 0.5166
vn -0.9492 -0.3060 0.0737
vn -0.8220 -0.1949 0.5351
vn -0.9878 -0.1511 0.0364
vn -0.8220 -0.4171 -0.3877
vn -0.2559 -0.3697 -0.8932
vn -0.4746 -0.4984 -0.7255
vn -0.4939 -0.3514 -0.7953
vn -0.4939 0.0492 0.8681
vn -0.4746 -0.1135 0.8729
vn -0.8555 -0.2667 -0.4438
vn 0.0000 -0.0837 0.9965
vn 0.0000 0.0802 0.9968
vn 0.4746 -0.1135 0.8729
vn 0.4939 0.0492 0.8681
vn 0.8220 -0.1949 0.5351
vn -0.9278 -0.3628 0.0874
vn -0.8035 -0.4714 -0.3636
vn 0.4639 -0.1747 0.8685
vn 0.8035 -0.2542 0.5384
vn 0.8035 -0.4714 -0.3636
vn 0.4639 -0.5509 -0.6938
vn -0.8035 -0.2542 0.5384
vn -0.4639 -0.5509 -0.6938
vn -0.0000 -0.1456 0.9893
vn 0.9278 -0.3628 0.0874
vn -0.2412 -0.5629 -0.7905
vn -0.4639 -0.1747 0.8685
vn 0.2412 -0.5629 -0.7905
vn -0.4639 0.5509 0.6938
vn -0.8035 0.4714 0.3636
vn 0.4639 0.1747 -0.8685
vn 0.2412 0.1413 -0.9601
vn 0.9278 0.3628 -0.0874
vn 0.8035 0.4714 0.3636
vn 0.0000 0.5800 0.8146
vn -0.2412 0.1413 -0.9601
vn -0.4639 0.1747 -0.8685
vn 0.8035 0.2542 -0.5384
vn 0.4639 0.5509 0.6938
vn -0.8035 0.2542 -0.5384
vn -0.9278 0.3628 -0.0874
vn -0.5000 0.2028 0.8420
vn -0.0000 0.2341 0.9722
vn 0.8660 0.1171 0.4861
vn 0.5000 -0.2028 -0.8420
vn -0.8660 -0.1171 -0.4861
vn -0.8693 0.4805 -0.1157
vn -0.7528 0.3788 -0.5383
vn -0.4347 0.3043 -0.8476
vn -0.2269 0.2698 -0.9358
vn 0.2269 0.2698 -0.9358
vn 0.4347 0.3043 -0.8476
vn 0.7528 0.3788 -0.5383
vn 0.8693 0.4805 -0.1157
vn 0.7528 0.5823 0.3068
vn 0.7528 0.5823 0.3069
vn 0.4347 0.6568 0.6162
vn 0.0000 0.6841 0.7294
vn -0.4347 0.6568 0.6162
vn -0.7528 0.5823 0.3069
vn -0.7528 0.5823 0.3068
vn 0.0100 -0.9708 0.2397
vn 0.0058 0.9745 -0.2244
vn -0.0100 0.9708 -0.2397
vn -0.0058 -0.9745 0.2244
vn -0.0100 -0.9735 0.2285
vn 0.0031 0.9748 -0.2229
vn -0.7528 -0.3788 0.5383
vn -0.8693 -0.4805 0.1157
vn -0.4347 -0.3043 0.8476
vn 0.0000 -0.2770 0.9609
vn 0.4347 -0.3043 0.8476
vn 0.7528 -0.3788 0.5383
vn 0.8693 -0.4805 0.1157
vn 0.7528 -0.5823 -0.3068
vn 0.4347 -0.6568 -0.6162
vn 0.2269 -0.6662 -0.7104
vn -0.4347 -0.6568 -0.6162
vn -0.2269 -0.6662 -0.7104
vn -0.7528 -0.5823 -0.3069
vn -0.2465 -0.5119 -0.8229
vn -0.2588 -0.2262 -0.9391
vn -0.7528 -0.5823 -0.3068
vn -0.1441 0.9558 0.2562
vn 0.0000 1.0000 0.0000
vn 0.0000 0.9659 0.2588
vn -0.0000 0.7071 0.7071
vn -0.0000 0.5000 0.8660
vn -0.0000 0.2588 0.9659
vn -0.0000 -0.2588 0.9659
vn -0.0000 -0.5000 0.8660
vn -0.0000 -0.7071 0.7071
vn -0.0000 -0.9659 0.2588
vn -0.0000 -0.9659 -0.2588
vn 0.0000 -0.7071 -0.7071
vn 0.0000 -0.5000 -0.8660
vn 0.0000 -0.2588 -0.9659
vn 0.0000 0.2588 -0.9659
vn 0.0000 0.5000 -0.8660
vn 0.0000 0.7071 -0.7071
vn 0.0000 0.9659 -0.2588
vn -0.0015 0.7634 -0.6459
vn -0.0681 0.9966 -0.0461
vn -0.0680 0.8401 0.5381
vn 0.0000 0.7085 -0.7057
vn -0.0765 0.2472 -0.9659
vn 0.0000 0.2507 -0.9681
vn -0.0035 0.3224 0.9466
vn 0.0211 -0.2825 0.9590
vn 0.0117 0.2736 0.9618
vn 0.0000 -0.9401 -0.3408
vn 0.0000 -0.9886 -0.1503
vn 0.0573 -0.8314 -0.5527
vn 0.0000 0.1257 -0.9921
vn 0.2883 -0.4010 -0.8695
vn 0.4799 -0.7816 -0.3986
vn 0.4993 -0.4162 -0.7600
vn 0.3759 -0.4351 -0.8182
vn 0.4063 0.2430 -0.8808
vn 0.0000 0.1934 -0.9811
vn 0.0000 0.9775 -0.2107
vn -0.0496 0.9982 -0.0350
vn -0.0844 0.9861 -0.1434
vn -0.0930 0.9710 -0.2203
vn -0.0927 0.7329 -0.6740
vn 0.0000 0.9608 -0.2773
vn -0.0202 0.8727 -0.4878
vn -0.0389 0.7043 -0.7089
vn -0.0452 0.5058 -0.8615
vn -0.0293 0.2427 -0.9697
vn 0.0334 -0.0211 -0.9992
vn 0.0754 -0.2647 -0.9614
vn 0.0819 -0.4963 -0.8643
vn 0.0672 -0.7005 -0.7105
vn 0.0409 -0.8605 -0.5077
vn 0.0130 -0.9638 -0.2663
vn -0.0098 -0.2332 0.9724
vn -0.0041 0.3332 0.9428
vn -0.0000 0.3168 0.9485
vn -0.0093 -0.2594 0.9657
vn -0.0623 0.9589 -0.2769
vn -0.2636 0.9346 -0.2388
vn -0.2092 -0.3413 -0.9164
vn 0.1345 -0.4408 -0.8875
vn 0.1828 -0.4259 -0.8861
vn 0.2001 -0.3987 -0.8950
vn 0.1900 -0.4792 -0.8569
vn 0.1610 -0.5859 -0.7943
vn 0.1179 -0.7152 -0.6889
vn 0.0064 -0.9995 -0.0309
vn 0.0011 0.6942 0.7198
vn -0.1928 0.4873 -0.8517
vn -0.0549 0.2758 -0.9597
vn -0.2981 0.2176 0.9294
vn 0.0000 0.3702 -0.9290
vn -0.3888 -0.8138 -0.4320
vn -0.3574 0.4239 -0.8322
vn -0.6594 -0.7484 -0.0712
vn -0.6068 -0.7674 -0.2072
vn 0.0000 0.9824 -0.1870
vn 0.0291 0.9897 -0.1405
vn -0.6758 0.6852 -0.2717
vn -0.6868 0.7138 -0.1369
vn -0.6435 -0.7551 -0.1249
vn 0.0000 0.9985 -0.0545
vn 0.0263 0.9989 -0.0378
vn -0.0000 -0.9999 0.0127
vn -0.6608 0.4997 -0.5601
vn 0.0000 -0.8496 -0.5275
vn -0.0542 0.7485 -0.6610
vn -0.0743 0.9714 -0.2255
vn 0.3792 -0.4206 -0.8242
vn 0.3657 -0.3690 -0.8545
vn 0.3709 -0.4057 -0.8354
vn 0.3465 -0.4520 -0.8220
vn 0.0989 -0.8930 -0.4390
vn -0.1432 0.2736 -0.9511
vn -0.4234 0.9027 0.0761
vn 0.0000 0.9980 -0.0626
vn 0.0000 -0.5408 -0.8411
vn 0.4937 -0.2680 -0.8273
vn -0.0000 -0.4819 -0.8762
vn 0.4858 -0.3484 -0.8016
vn 0.0000 -0.4050 -0.9143
vn 0.4838 -0.3402 -0.8064
vn 0.0000 -0.4348 -0.9005
vn 0.4785 -0.4097 -0.7766
vn 0.0000 -0.4434 -0.8963
vn 0.0000 -0.6974 -0.7167
vn 0.4855 -0.8064 -0.3377
vn -0.0138 0.2812 -0.9596
vn 0.0000 0.1623 -0.9867
vn -0.0338 -0.2694 0.9624
vn -0.0000 -0.2191 0.9757
vn -0.0003 -0.2253 0.9743
vn -0.5533 0.3801 -0.7412
vn -0.3311 0.1229 0.9356
vn -0.6857 0.6985 0.2046
vn 0.0000 0.8952 0.4456
vn -0.0000 -0.9680 0.2509
vn 0.0000 0.1183 -0.9930
vn 0.0349 -0.2575 0.9656
vn -0.8373 0.5468 -0.0000
vn -0.8373 0.5281 -0.1415
vn -0.8373 0.4735 -0.2734
vn -0.8373 0.3866 -0.3866
vn -0.8373 0.2734 -0.4735
vn -0.8373 0.1415 -0.5281
vn -0.8373 -0.0000 -0.5468
vn -0.8373 -0.1415 -0.5281
vn -0.8373 -0.2734 -0.4735
vn -0.8373 -0.3866 -0.3866
vn -0.8373 -0.4735 -0.2734
vn -0.8373 -0.5281 -0.1415
vn -0.8373 -0.5468 -0.0000
vn -0.8373 -0.5281 0.1415
vn -0.8373 -0.4735 0.2734
vn -0.8373 -0.3866 0.3866
vn -0.8373 -0.2734 0.4735
vn -0.8373 -0.1415 0.5281
vn -0.8373 0.0000 0.5468
vn -0.8373 0.1415 0.5281
vn -0.8373 0.2734 0.4735
vn -0.8373 0.3866 0.3866
vn -0.8373 0.4735 0.2734
vn -0.8373 0.5281 0.1415
vn 0.1441 0.9558 0.2562
vn 0.0015 0.7634 -0.6459
vn 0.0681 0.9966 -0.0461
vn 0.0680 0.8401 0.5381
vn 0.0765 0.2472 -0.9659
vn 0.0927 0.7329 -0.6740
vn -0.0211 -0.2825 0.9590
vn 0.0035 0.3224 0.9466
vn -0.0117 0.2736 0.9618
vn -0.0573 -0.8314 -0.5527
vn -0.2883 -0.4010 -0.8695
vn -0.4993 -0.4162 -0.7600
vn -0.4799 -0.7816 -0.3986
vn -0.3759 -0.4351 -0.8182
vn -0.4063 0.2430 -0.8808
vn 0.0496 0.9982 -0.0350
vn 0.0844 0.9861 -0.1434
vn 0.0930 0.9710 -0.2203
vn 0.0202 0.8727 -0.4878
vn 0.0389 0.7043 -0.7089
vn 0.0452 0.5058 -0.8615
vn 0.0293 0.2427 -0.9697
vn -0.0334 -0.0211 -0.9992
vn -0.0754 -0.2647 -0.9614
vn -0.0819 -0.4963 -0.8643
vn -0.0672 -0.7005 -0.7105
vn -0.0409 -0.8605 -0.5077
vn -0.0130 -0.9638 -0.2663
vn 0.0098 -0.2332 0.9724
vn 0.0041 0.3332 0.9428
vn 0.0093 -0.2594 0.9657
vn 0.0623 0.9589 -0.2769
vn 0.0542 0.7485 -0.6610
vn 0.2636 0.9346 -0.2388
vn 0.0743 0.9714 -0.2255
vn 0.2092 -0.3413 -0.9164
vn -0.1345 -0.4408 -0.8875
vn -0.1828 -0.4259 -0.8861
vn -0.2001 -0.3987 -0.8950
vn -0.1900 -0.4792 -0.8569
vn -0.1610 -0.5859 -0.7943
vn -0.1179 -0.7152 -0.6889
vn -0.0064 -0.9995 -0.0309
vn -0.0989 -0.8930 -0.4390
vn -0.0011 0.6942 0.7198
vn 0.1928 0.4873 -0.8517
vn 0.2981 0.2176 0.9294
vn 0.3888 -0.8138 -0.4320
vn 0.3574 0.4239 -0.8322
vn 0.6594 -0.7484 -0.0712
vn 0.6068 -0.7674 -0.2072
vn -0.0291 0.9897 -0.1405
vn 0.6758 0.6852 -0.2717
vn 0.6868 0.7138 -0.1369
vn -0.0263 0.9989 -0.0378
vn 0.6435 -0.7551 -0.1249
vn 0.6608 0.4997 -0.5601
vn -0.3792 -0.4206 -0.8242
vn -0.3657 -0.3690 -0.8545
vn -0.3709 -0.4057 -0.8354
vn -0.3465 -0.4520 -0.8220
vn 0.0549 0.2758 -0.9597
vn -0.4937 -0.2680 -0.8273
vn -0.4858 -0.3484 -0.8016
vn -0.4838 -0.3402 -0.8064
vn -0.4785 -0.4097 -0.7766
vn -0.4855 -0.8064 -0.3377
vn 0.0138 0.2812 -0.9596
vn 0.1432 0.2736 -0.9511
vn 0.0338 -0.2694 0.9624
vn -0.0000 -0.2610 0.9653
vn 0.5533 0.3801 -0.7412
vn 0.4234 0.9027 0.0761
vn 0.3310 0.1229 0.9356
vn 0.6857 0.6985 0.2046
vn -0.0349 -0.2575 0.9656
vn 0.8373 0.5281 -0.1415
vn 0.8373 0.5468 -0.0000
vn 0.8373 0.4735 -0.2734
vn 0.8373 0.3866 -0.3866
vn 0.8373 0.2734 -0.4735
vn 0.8373 0.1415 -0.5281
vn 0.8373 -0.0000 -0.5468
vn 0.8373 -0.1415 -0.5281
vn 0.8373 -0.2734 -0.4735
vn 0.8373 -0.3866 -0.3866
vn 0.8373 -0.4735 -0.2734
vn 0.8373 -0.5281 -0.1415
vn 0.8373 -0.5468 -0.0000
vn 0.8373 -0.5281 0.1415
vn 0.8373 -0.4735 0.2734
vn 0.8373 -0.3866 0.3866
vn 0.8373 -0.2734 0.4735
vn 0.8373 -0.1415 0.5281
vn 0.8373 -0.0000 0.5468
vn 0.8373 0.1415 0.5281
vn 0.8373 0.2734 0.4735
vn 0.8373 0.3866 0.3866
vn 0.8373 0.4735 0.2734
vn 0.8373 0.5281 0.1415
vn 0.0003 -0.2253 0.9743
s off
f 7/1/1 8/2/1 9/3/1
f 13/4/1 14/5/1 15/6/1
f 7/1/1 32/7/1 33/8/1
f 43/9/2 44/10/2 45/11/2
f 46/12/1 47/13/1 48/14/1
f 49/15/3 50/16/3 51/17/3
f 55/18/1 8/2/1 47/13/1
f 56/19/1 48/14/1 14/5/1
f 60/20/1 15/6/1 61/21/1
f 68/22/4 69/23/4 70/24/4
f 73/25/4 74/26/4 75/27/4
f 69/23/4 87/28/4 88/29/4
f 96/30/2 44/10/2 97/31/2
f 98/32/4 99/33/4 100/34/4
f 101/35/3 102/36/3 103/37/3
f 100/34/4 68/22/4 70/24/4
f 75/27/4 107/38/4 98/32/4
f 109/39/4 110/40/4 73/25/4
f 7/1/1 33/8/1 8/2/1
f 13/4/1 56/19/1 14/5/1
f 7/1/1 114/41/1 32/7/1
f 43/9/2 97/31/2 44/10/2
f 46/12/1 55/18/1 47/13/1
f 116/42/3 117/43/3 118/44/3
f 117/43/3 119/45/3 118/44/3
f 120/46/3 121/47/3 118/44/3
f 121/47/3 122/48/3 118/44/3
f 119/45/3 120/46/3 118/44/3
f 118/44/3 123/49/3 116/42/3
f 124/50/3 49/15/3 125/51/3
f 49/15/3 118/44/3 126/52/3
f 126/52/3 118/44/3 122/48/3
f 125/51/3 127/53/3 124/50/3
f 51/17/3 128/54/3 49/15/3
f 128/54/3 125/51/3 49/15/3
f 126/52/3 50/16/3 49/15/3
f 55/18/1 9/3/1 8/2/1
f 56/19/1 46/12/1 48/14/1
f 60/20/1 13/4/1 15/6/1
f 68/22/4 131/55/4 69/23/4
f 73/25/4 110/40/4 74/26/4
f 69/23/4 131/55/4 87/28/4
f 96/30/2 133/56/2 44/10/2
f 98/32/4 107/38/4 99/33/4
f 102/36/3 134/57/3 103/37/3
f 134/57/3 135/58/3 103/37/3
f 135/58/3 136/59/3 103/37/3
f 103/37/3 137/60/3 138/61/3
f 137/60/3 139/62/3 140/63/3
f 141/64/3 137/60/3 142/65/3
f 139/62/3 143/66/3 140/63/3
f 140/63/3 144/67/3 137/60/3
f 144/67/3 142/65/3 137/60/3
f 141/64/3 138/61/3 137/60/3
f 138/61/3 145/68/3 103/37/3
f 145/68/3 146/69/3 103/37/3
f 146/69/3 101/35/3 103/37/3
f 100/34/4 99/33/4 68/22/4
f 75/27/4 74/26/4 107/38/4
f 109/39/4 147/70/4 110/40/4
f 168/71/5 151/72/5 150/73/5
f 148/74/6 149/75/6 151/72/6
f 165/76/7 152/77/7 149/75/7
f 166/78/8 153/79/8 152/80/8
f 167/81/9 150/73/9 153/79/9
f 151/82/3 152/83/3 153/84/3
f 168/71/5 148/74/5 151/72/5
f 148/74/6 165/76/6 149/75/6
f 165/76/7 166/85/7 152/77/7
f 166/78/8 167/81/8 153/79/8
f 167/81/9 168/71/9 150/73/9
f 153/84/3 150/86/3 151/82/3
f 151/82/3 149/87/3 152/83/3
f 175/88/3 176/89/3 177/90/3
f 177/90/3 178/91/3 174/92/3
f 174/92/3 179/93/3 175/88/3
f 175/88/3 180/94/3 176/89/3
f 176/89/3 181/95/3 177/90/3
f 177/90/3 174/92/3 175/88/3
f 202/96/5 185/97/5 184/98/5
f 182/99/6 183/100/6 185/97/6
f 199/101/7 186/102/7 183/100/7
f 200/103/8 187/104/8 186/105/8
f 201/106/9 184/98/9 187/104/9
f 185/107/3 186/108/3 187/109/3
f 202/96/5 182/99/5 185/97/5
f 182/99/6 199/101/6 183/100/6
f 199/101/7 200/110/7 186/102/7
f 200/103/8 201/106/8 187/104/8
f 201/106/9 202/96/9 184/98/9
f 187/109/3 184/111/3 185/107/3
f 185/107/3 183/112/3 186/108/3
f 209/113/3 210/114/3 211/115/3
f 211/115/3 212/116/3 208/117/3
f 208/117/3 213/118/3 209/113/3
f 209/113/3 214/119/3 210/114/3
f 210/114/3 215/120/3 211/115/3
f 211/115/3 208/117/3 209/113/3
f 236/121/5 219/122/5 218/123/5
f 216/124/6 217/125/6 219/122/6
f 233/126/7 220/127/7 217/125/7
f 234/128/8 221/129/8 220/130/8
f 235/131/9 218/123/9 221/129/9
f 219/132/3 220/133/3 221/134/3
f 236/121/5 216/124/5 219/122/5
f 216/124/6 233/126/6 217/125/6
f 233/126/7 234/135/7 220/127/7
f 234/128/8 235/131/8 221/129/8
f 235/131/9 236/121/9 218/123/9
f 221/134/3 218/136/3 219/132/3
f 219/132/3 217/137/3 220/133/3
f 243/138/3 244/139/3 245/140/3
f 245/140/3 246/141/3 242/142/3
f 242/142/3 247/143/3 243/138/3
f 243/138/3 248/144/3 244/139/3
f 244/139/3 249/145/3 245/140/3
f 245/140/3 242/142/3 243/138/3
f 270/146/5 253/147/5 252/148/5
f 250/149/6 251/150/6 253/147/6
f 267/151/7 254/152/7 251/150/7
f 268/153/8 255/154/8 254/155/8
f 269/156/9 252/148/9 255/154/9
f 253/157/3 254/158/3 255/159/3
f 270/146/5 250/149/5 253/147/5
f 250/149/6 267/151/6 251/150/6
f 267/151/7 268/160/7 254/152/7
f 268/153/8 269/156/8 255/154/8
f 269/156/9 270/146/9 252/148/9
f 255/159/3 252/161/3 253/157/3
f 253/157/3 251/162/3 254/158/3
f 277/163/3 278/164/3 279/165/3
f 279/165/3 280/166/3 276/167/3
f 276/167/3 281/168/3 277/163/3
f 277/163/3 282/169/3 278/164/3
f 278/164/3 283/170/3 279/165/3
f 279/165/3 276/167/3 277/163/3
f 319/171/10 320/172/10 321/173/10
f 344/174/11 345/175/11 346/176/11
f 347/177/12 348/178/12 349/179/12
f 350/180/10 351/181/10 352/182/10
f 353/183/12 354/184/12 355/185/12
f 356/186/10 320/172/10 319/171/10
f 349/179/12 357/187/12 358/188/12
f 350/180/10 359/189/10 360/190/10
f 361/191/12 362/192/12 363/193/12
f 364/194/10 365/195/10 356/186/10
f 358/188/12 366/196/12 367/197/12
f 368/198/10 359/189/10 350/180/10
f 361/191/12 369/199/12 370/200/12
f 396/201/12 397/202/12 353/183/12
f 352/182/10 351/181/10 398/203/10
f 399/204/10 400/205/10 401/206/10
f 402/207/12 403/208/12 396/201/12
f 364/194/10 398/203/10 404/209/10
f 401/206/10 400/205/10 405/210/10
f 406/211/12 407/212/12 402/207/12
f 408/213/10 405/210/10 409/214/10
f 410/215/12 411/216/12 406/211/12
f 347/177/12 369/199/12 412/217/12
f 408/213/10 413/218/10 368/198/10
f 367/197/12 414/219/12 410/215/12
f 440/220/10 441/221/10 442/222/10
f 443/223/13 444/224/13 445/225/13
f 446/226/14 447/227/14 448/228/14
f 449/229/15 450/230/15 451/231/15
f 452/232/16 453/233/16 454/234/16
f 455/235/17 456/236/17 457/237/17
f 458/238/18 459/239/18 460/240/18
f 461/241/19 462/242/19 463/243/19
f 344/174/11 543/244/11 345/175/11
f 347/177/12 412/217/12 348/178/12
f 350/180/10 360/190/10 351/181/10
f 353/183/12 397/202/12 354/184/12
f 356/186/10 365/195/10 320/172/10
f 349/179/12 348/178/12 357/187/12
f 361/191/12 544/245/12 362/192/12
f 364/194/10 404/209/10 365/195/10
f 358/188/12 357/187/12 366/196/12
f 368/198/10 413/218/10 359/189/10
f 361/191/12 363/193/12 369/199/12
f 396/201/12 403/208/12 397/202/12
f 399/204/10 546/246/10 400/205/10
f 402/207/12 407/212/12 403/208/12
f 364/194/10 352/182/10 398/203/10
f 406/211/12 411/216/12 407/212/12
f 408/213/10 401/206/10 405/210/10
f 410/215/12 414/219/12 411/216/12
f 347/177/12 370/200/12 369/199/12
f 408/213/10 409/214/10 413/218/10
f 367/197/12 366/196/12 414/219/12
f 442/222/10 548/247/10 549/248/10
f 549/248/10 550/249/10 442/222/10
f 550/249/10 440/220/10 442/222/10
f 440/220/10 551/250/10 441/221/10
f 441/221/10 552/251/10 442/222/10
f 443/223/13 553/252/13 444/224/13
f 446/226/14 554/253/14 447/227/14
f 449/229/15 555/254/15 450/230/15
f 452/232/16 556/255/16 453/233/16
f 455/235/17 557/256/17 456/236/17
f 458/238/18 558/257/18 459/239/18
f 461/241/19 559/258/19 462/242/19
f 1096/259/20 1097/260/20 1098/261/20
f 1099/262/7 1100/263/7 1101/264/7
f 1102/265/21 1103/266/21 1104/267/21
f 1105/268/22 1106/269/22 1107/270/22
f 1108/271/4 1109/272/4 1110/273/4
f 1111/274/23 1112/275/23 1113/276/23
f 1114/277/24 1115/278/24 1116/279/24
f 1117/280/20 1118/281/20 1119/282/20
f 1120/283/7 1121/284/7 1122/285/7
f 1123/286/21 1124/287/21 1125/288/21
f 1126/289/22 1127/290/22 1128/291/22
f 1129/292/4 1130/293/4 1131/294/4
f 1131/294/4 1132/295/4 1129/292/4
f 1133/296/4 1134/297/4 1135/298/4
f 1111/274/23 1136/299/23 1112/275/23
f 1137/300/24 1138/301/24 1139/302/24
f 1140/303/24 1141/304/24 1142/305/24
f 1143/306/23 1144/307/23 1145/308/23
f 1146/309/22 1147/310/22 1148/311/22
f 1149/312/21 1150/313/21 1151/314/21
f 1152/315/1 1153/316/1 1154/317/1
f 1155/318/7 1156/319/7 1157/320/7
f 1158/321/20 1159/322/20 1160/323/20
f 1161/324/24 1162/325/24 1163/326/24
f 1164/327/23 1165/328/23 1166/329/23
f 1167/330/22 1168/331/22 1169/332/22
f 1170/333/21 1171/334/21 1172/335/21
f 1173/336/1 1174/337/1 1175/338/1
f 1175/338/1 1176/339/1 1173/336/1
f 1177/340/1 1178/341/1 1179/342/1
f 1155/318/7 1180/343/7 1156/319/7
f 1181/344/20 1182/345/20 1183/346/20
s 1
f 1/347/25 2/348/26 3/349/26
f 4/350/27 5/351/28 6/352/28
f 10/353/7 11/354/7 12/355/7
f 16/356/29 17/357/30 18/358/30
f 19/359/31 18/358/30 17/357/30
f 20/360/23 21/361/23 22/362/23
f 23/363/32 24/364/33 25/365/32
f 26/366/34 27/367/35 28/368/34
f 29/369/36 30/370/36 31/371/36
f 34/372/37 35/373/37 36/374/37
f 20/360/23 1/347/25 37/375/23
f 38/376/38 39/377/27 4/350/27
f 10/353/7 6/352/28 5/351/28
f 40/378/31 41/379/38 38/376/38
f 3/349/26 42/380/29 16/356/29
f 52/381/39 53/382/40 54/383/39
f 53/382/40 26/366/34 28/368/34
f 57/384/35 25/365/32 27/367/35
f 58/385/33 59/386/41 24/364/33
f 62/387/42 63/388/43 64/389/42
f 65/390/44 66/391/45 67/392/44
f 11/354/7 71/393/7 72/394/7
f 76/395/46 77/396/47 78/397/46
f 78/397/46 79/398/48 76/395/46
f 21/361/23 80/399/23 22/362/23
f 81/400/33 23/363/32 82/401/32
f 83/402/35 26/366/34 84/403/34
f 85/404/36 29/369/36 86/405/36
f 35/373/37 89/406/37 36/374/37
f 63/388/43 80/399/23 90/407/23
f 91/408/45 92/409/49 66/391/45
f 67/392/44 71/393/7 65/390/44
f 93/410/49 94/411/48 92/409/49
f 95/412/47 64/389/42 77/396/47
f 104/413/40 52/381/39 105/414/39
f 104/413/40 26/366/34 106/415/40
f 82/401/32 57/384/35 83/402/35
f 108/416/41 58/385/33 81/400/33
f 1/347/25 111/417/25 2/348/26
f 4/350/27 39/377/27 5/351/28
f 10/353/7 112/418/7 11/354/7
f 16/356/29 42/380/29 17/357/30
f 19/359/31 40/378/31 18/358/30
f 20/360/23 37/375/23 21/361/23
f 23/363/32 58/385/33 24/364/33
f 26/366/34 57/384/35 27/367/35
f 29/369/36 113/419/36 30/370/36
f 34/372/37 115/420/37 35/373/37
f 20/360/23 111/417/25 1/347/25
f 38/376/38 41/379/38 39/377/27
f 10/353/7 12/355/7 6/352/28
f 40/378/31 19/359/31 41/379/38
f 3/349/26 2/348/26 42/380/29
f 52/381/39 106/415/40 53/382/40
f 53/382/40 106/415/40 26/366/34
f 57/384/35 23/363/32 25/365/32
f 58/385/33 129/421/41 59/386/41
f 62/387/42 130/422/43 63/388/43
f 65/390/44 91/408/45 66/391/45
f 11/354/7 112/418/7 71/393/7
f 76/395/46 95/412/47 77/396/47
f 78/397/46 94/411/48 79/398/48
f 21/361/23 90/407/23 80/399/23
f 81/400/33 58/385/33 23/363/32
f 83/402/35 57/384/35 26/366/34
f 85/404/36 113/419/36 29/369/36
f 35/373/37 132/423/37 89/406/37
f 63/388/43 130/422/43 80/399/23
f 91/408/45 93/410/49 92/409/49
f 67/392/44 72/394/7 71/393/7
f 93/410/49 79/398/48 94/411/48
f 95/412/47 62/387/42 64/389/42
f 104/413/40 106/415/40 52/381/39
f 104/413/40 84/403/34 26/366/34
f 82/401/32 23/363/32 57/384/35
f 108/416/41 129/421/41 58/385/33
f 154/424/23 155/425/50 170/426/23
f 156/427/50 171/428/1 155/425/50
f 157/429/1 162/430/51 171/428/1
f 158/431/51 172/432/7 162/430/51
f 159/433/7 163/434/52 172/432/7
f 169/435/52 173/436/4 163/437/52
f 160/438/4 164/439/53 173/436/4
f 161/440/53 170/426/23 164/439/53
f 154/424/23 156/427/50 155/425/50
f 156/427/50 157/429/1 171/428/1
f 157/429/1 158/431/51 162/430/51
f 158/431/51 159/433/7 172/432/7
f 159/433/7 169/441/52 163/434/52
f 169/435/52 160/438/4 173/436/4
f 160/438/4 161/440/53 164/439/53
f 161/440/53 154/424/23 170/426/23
f 188/442/23 189/443/50 204/444/23
f 190/445/50 205/446/1 189/443/50
f 191/447/1 196/448/51 205/446/1
f 192/449/51 206/450/7 196/448/51
f 193/451/7 197/452/52 206/450/7
f 203/453/52 207/454/4 197/455/52
f 194/456/4 198/457/53 207/454/4
f 195/458/53 204/444/23 198/457/53
f 188/442/23 190/445/50 189/443/50
f 190/445/50 191/447/1 205/446/1
f 191/447/1 192/449/51 196/448/51
f 192/449/51 193/451/7 206/450/7
f 193/451/7 203/459/52 197/452/52
f 203/453/52 194/456/4 207/454/4
f 194/456/4 195/458/53 198/457/53
f 195/458/53 188/442/23 204/444/23
f 222/460/23 223/461/50 238/462/23
f 224/463/50 239/464/1 223/461/50
f 225/465/1 230/466/51 239/464/1
f 226/467/51 240/468/7 230/466/51
f 227/469/7 231/470/52 240/468/7
f 237/471/52 241/472/4 231/473/52
f 228/474/4 232/475/53 241/472/4
f 229/476/53 238/462/23 232/475/53
f 222/460/23 224/463/50 223/461/50
f 224/463/50 225/465/1 239/464/1
f 225/465/1 226/467/51 230/466/51
f 226/467/51 227/469/7 240/468/7
f 227/469/7 237/477/52 231/470/52
f 237/471/52 228/474/4 241/472/4
f 228/474/4 229/476/53 232/475/53
f 229/476/53 222/460/23 238/462/23
f 256/478/23 257/479/50 272/480/23
f 258/481/50 273/482/1 257/479/50
f 259/483/1 264/484/51 273/482/1
f 260/485/51 274/486/7 264/484/51
f 261/487/7 265/488/52 274/486/7
f 271/489/52 275/490/4 265/491/52
f 262/492/4 266/493/53 275/490/4
f 263/494/53 272/480/23 266/493/53
f 256/478/23 258/481/50 257/479/50
f 258/481/50 259/483/1 273/482/1
f 259/483/1 260/485/51 264/484/51
f 260/485/51 261/487/7 274/486/7
f 261/487/7 271/495/52 265/488/52
f 271/489/52 262/492/4 275/490/4
f 262/492/4 263/494/53 266/493/53
f 263/494/53 256/478/23 272/480/23
f 284/496/54 285/497/55 286/498/55
f 287/499/56 288/500/57 289/501/57
f 290/502/58 291/503/59 292/504/59
f 293/505/60 294/506/61 295/507/61
f 286/498/55 296/508/62 297/509/62
f 298/510/63 299/511/64 300/512/63
f 297/509/62 301/513/65 302/514/65
f 303/515/66 304/516/67 305/517/66
f 306/518/68 307/519/69 308/520/69
f 309/521/70 300/512/63 310/522/70
f 311/523/71 312/524/72 313/525/71
f 314/526/73 310/522/70 315/527/73
f 316/528/74 317/529/75 318/530/76
f 318/530/76 322/531/77 323/532/78
f 323/532/78 324/533/79 325/534/80
f 325/534/80 326/535/81 327/536/82
f 328/537/83 329/538/84 330/539/85
f 331/540/86 332/541/87 329/538/84
f 333/542/88 334/543/89 335/544/90
f 336/545/91 330/539/85 337/546/92
f 338/547/93 334/543/89 332/541/87
f 336/545/91 339/548/94 340/549/95
f 340/549/95 341/550/96 342/551/97
f 342/551/97 343/552/98 316/528/74
f 371/553/99 372/554/100 373/555/99
f 374/556/101 375/557/102 376/558/102
f 377/559/103 378/560/104 379/561/104
f 371/553/99 380/562/105 381/563/105
f 382/564/100 383/565/106 372/554/100
f 384/566/107 385/567/101 374/556/101
f 386/568/108 387/569/103 377/559/103
f 388/570/109 383/565/106 389/571/106
f 390/572/110 391/573/107 384/566/107
f 376/558/102 392/574/108 386/568/108
f 393/575/111 378/560/104 394/576/111
f 390/572/110 380/562/105 395/577/110
f 415/578/112 416/579/113 417/580/112
f 418/581/114 419/582/115 420/583/115
f 421/584/116 422/585/117 423/586/116
f 415/578/112 424/587/118 425/588/118
f 426/589/119 427/590/120 428/591/120
f 429/592/121 423/586/116 430/593/121
f 425/588/118 431/594/122 432/595/122
f 428/591/120 433/596/123 434/597/123
f 435/598/124 416/579/113 436/599/113
f 418/581/114 430/593/121 437/600/114
f 432/595/122 422/585/117 438/601/117
f 434/597/123 439/602/124 435/598/124
f 464/603/15 331/540/86 328/537/83
f 465/604/125 328/537/83 336/545/91
f 466/605/126 336/545/91 340/549/95
f 467/606/18 340/549/95 342/551/97
f 468/607/127 342/551/97 316/528/74
f 469/608/1 316/528/74 318/530/76
f 470/609/19 318/530/76 323/532/78
f 471/610/128 323/532/78 325/534/80
f 472/611/16 325/534/80 327/536/82
f 473/612/13 333/542/88 335/544/90
f 474/613/129 335/544/90 338/547/93
f 475/614/4 338/547/93 331/540/86
f 476/615/130 477/616/131 478/617/130
f 479/618/131 480/619/132 477/616/131
f 481/620/132 482/621/133 480/619/132
f 483/622/134 484/623/135 485/624/135
f 485/624/135 486/625/136 487/626/136
f 487/626/136 488/627/137 489/628/137
f 488/627/137 490/629/138 489/628/137
f 491/630/139 492/631/140 490/629/138
f 493/632/140 494/633/141 492/631/140
f 494/633/141 495/634/142 496/635/142
f 496/635/142 497/636/143 498/637/144
f 498/637/144 476/615/130 478/617/130
f 499/638/145 500/639/56 287/499/56
f 501/640/72 502/641/146 312/524/72
f 503/642/147 504/643/68 306/518/68
f 505/644/148 506/645/54 284/496/54
f 507/646/67 313/525/71 304/516/67
f 302/514/65 508/647/145 499/638/145
f 505/644/148 509/648/149 510/649/148
f 308/520/69 511/650/60 293/505/60
f 303/515/66 512/651/58 290/502/58
f 513/652/149 315/527/73 509/648/149
f 514/653/146 515/654/150 502/641/146
f 292/504/59 516/655/147 503/642/147
f 517/656/151 518/657/152 519/658/151
f 520/659/153 519/658/151 521/660/153
f 522/661/154 521/660/153 523/662/154
f 524/663/155 522/661/154 523/662/154
f 525/664/156 526/665/155 524/663/155
f 527/666/157 528/667/156 525/664/156
f 529/668/158 530/669/157 527/666/157
f 531/670/159 529/668/158 532/671/159
f 533/672/160 532/671/159 534/673/160
f 535/674/161 536/675/162 537/676/162
f 538/677/163 539/678/161 535/674/161
f 540/679/152 538/677/163 518/657/152
f 284/496/54 506/645/54 285/497/55
f 287/499/56 500/639/56 288/500/57
f 290/502/58 512/651/58 291/503/59
f 293/505/60 511/650/60 294/506/61
f 286/498/55 285/497/55 296/508/62
f 298/510/63 541/680/64 299/511/64
f 297/509/62 296/508/62 301/513/65
f 303/515/66 507/646/67 304/516/67
f 306/518/68 504/643/68 307/519/69
f 309/521/70 298/510/63 300/512/63
f 311/523/71 501/640/72 312/524/72
f 314/526/73 309/521/70 310/522/70
f 316/528/74 343/552/98 317/529/75
f 318/530/76 317/529/75 322/531/77
f 323/532/78 322/531/77 324/533/79
f 325/534/80 324/533/79 326/535/81
f 328/537/83 331/540/86 329/538/84
f 331/540/86 338/547/93 332/541/87
f 333/542/88 542/681/164 334/543/89
f 336/545/91 328/537/83 330/539/85
f 338/547/93 335/544/90 334/543/89
f 336/545/91 337/546/92 339/548/94
f 340/549/95 339/548/94 341/550/96
f 342/551/97 341/550/96 343/552/98
f 371/553/99 382/564/100 372/554/100
f 374/556/101 385/567/101 375/557/102
f 377/559/103 387/569/103 378/560/104
f 371/553/99 373/555/99 380/562/105
f 382/564/100 389/571/106 383/565/106
f 384/566/107 391/573/107 385/567/101
f 386/568/108 392/574/108 387/569/103
f 388/570/109 545/682/109 383/565/106
f 390/572/110 395/577/110 391/573/107
f 376/558/102 375/557/102 392/574/108
f 393/575/111 379/561/104 378/560/104
f 390/572/110 381/563/105 380/562/105
f 415/578/112 436/599/113 416/579/113
f 418/581/114 437/600/114 419/582/115
f 421/584/116 438/601/117 422/585/117
f 415/578/112 417/580/112 424/587/118
f 426/589/119 547/683/119 427/590/120
f 429/592/121 421/584/116 423/586/116
f 425/588/118 424/587/118 431/594/122
f 428/591/120 427/590/120 433/596/123
f 435/598/124 439/602/124 416/579/113
f 418/581/114 429/592/121 430/593/121
f 432/595/122 431/594/122 422/585/117
f 434/597/123 433/596/123 439/602/124
f 464/603/15 475/614/4 331/540/86
f 465/604/125 464/603/15 328/537/83
f 466/605/126 465/604/125 336/545/91
f 467/606/18 466/605/126 340/549/95
f 468/607/127 467/606/18 342/551/97
f 469/608/1 468/607/127 316/528/74
f 470/609/19 469/608/1 318/530/76
f 471/610/128 470/609/19 323/532/78
f 472/611/16 471/610/128 325/534/80
f 473/612/13 560/684/165 333/542/88
f 474/613/129 473/612/13 335/544/90
f 475/614/4 474/613/129 338/547/93
f 476/615/130 479/618/131 477/616/131
f 479/618/131 481/620/132 480/619/132
f 481/620/132 561/685/133 482/621/133
f 483/622/134 562/686/134 484/623/135
f 485/624/135 484/623/135 486/625/136
f 487/626/136 486/625/136 488/627/137
f 488/627/137 491/630/139 490/629/138
f 491/630/139 493/632/140 492/631/140
f 493/632/140 563/687/141 494/633/141
f 494/633/141 563/687/141 495/634/142
f 496/635/142 495/634/142 497/636/143
f 498/637/144 497/636/143 476/615/130
f 499/638/145 508/647/145 500/639/56
f 501/640/72 514/653/146 502/641/146
f 503/642/147 516/655/147 504/643/68
f 505/644/148 510/649/148 506/645/54
f 507/646/67 311/523/71 313/525/71
f 302/514/65 301/513/65 508/647/145
f 505/644/148 513/652/149 509/648/149
f 308/520/69 307/519/69 511/650/60
f 303/515/66 305/517/66 512/651/58
f 513/652/149 314/526/73 315/527/73
f 514/653/146 564/688/150 515/654/150
f 292/504/59 291/503/59 516/655/147
f 517/656/151 540/679/152 518/657/152
f 520/659/153 517/656/151 519/658/151
f 522/661/154 520/659/153 521/660/153
f 524/663/155 526/665/155 522/661/154
f 525/664/156 528/667/156 526/665/155
f 527/666/157 530/669/157 528/667/156
f 529/668/158 565/689/158 530/669/157
f 531/670/159 565/689/158 529/668/158
f 533/672/160 531/670/159 532/671/159
f 535/674/161 539/678/161 536/675/162
f 538/677/163 566/690/166 539/678/161
f 540/679/152 566/690/166 538/677/163
f 567/691/167 568/692/168 612/693/169
f 569/694/170 570/695/20 571/696/170
f 572/697/171 571/696/170 573/698/171
f 574/699/172 573/698/171 575/700/172
f 576/701/7 575/700/172 577/702/7
f 578/703/173 577/702/7 579/704/173
f 580/705/174 579/704/173 581/706/174
f 582/707/175 581/706/174 583/708/175
f 584/709/21 582/707/175 583/708/175
f 585/710/176 584/709/21 586/711/176
f 587/712/3 586/711/176 588/713/3
f 589/714/177 588/713/3 590/715/177
f 591/716/22 590/715/177 592/717/22
f 593/718/178 592/717/22 594/719/178
f 595/720/179 594/719/178 596/721/179
f 597/722/180 596/721/179 598/723/180
f 599/724/23 598/723/180 600/725/23
f 601/726/181 600/725/23 602/727/181
f 603/728/182 602/727/181 604/729/182
f 605/730/183 604/729/182 606/731/183
f 607/732/24 606/731/183 608/733/24
f 609/734/184 608/733/24 610/735/184
f 691/736/185 609/734/184 611/737/186
f 611/737/186 610/735/184 568/692/168
f 695/738/187 612/739/169 570/695/20
f 758/740/176 613/741/3 757/742/3
f 614/743/188 615/744/189 616/745/190
f 617/746/191 618/747/192 722/748/193
f 619/749/170 617/750/191 620/751/170
f 621/752/171 620/751/170 622/753/171
f 623/754/172 622/753/171 624/755/172
f 625/756/7 624/755/172 626/757/7
f 627/758/173 626/757/7 628/759/173
f 629/760/174 628/759/173 630/761/174
f 631/762/175 630/761/174 632/763/175
f 633/764/21 632/763/175 634/765/21
f 635/766/176 634/765/21 636/767/176
f 1082/768/194 636/767/176 637/769/195
f 638/770/196 1082/768/194 637/769/195
f 639/771/197 638/772/196 640/773/198
f 641/774/199 642/775/200 643/776/201
f 639/771/197 644/777/202 645/778/203
f 646/779/204 707/780/205 647/781/206
f 648/782/207 646/779/204 647/781/206
f 649/783/208 650/784/209 648/782/207
f 651/785/184 607/732/24 609/734/184
f 652/786/210 605/730/183 607/732/24
f 653/787/211 603/728/182 605/730/183
f 654/788/212 601/726/181 603/728/182
f 655/789/213 599/724/23 601/726/181
f 656/790/214 597/722/180 599/724/23
f 657/791/215 595/720/179 597/722/180
f 658/792/216 593/718/178 595/720/179
f 659/793/217 591/716/22 593/718/178
f 660/794/218 589/714/177 591/716/22
f 661/795/219 587/712/3 589/714/177
f 662/796/3 585/710/176 587/712/3
f 663/797/176 664/798/21 585/710/176
f 665/799/21 582/707/175 664/798/21
f 666/800/175 580/705/174 582/707/175
f 667/801/174 578/703/173 580/705/174
f 668/802/173 576/701/7 578/703/173
f 669/803/7 574/699/172 576/701/7
f 670/804/172 572/697/171 574/699/172
f 671/805/171 569/694/170 572/697/171
f 672/806/170 695/738/187 569/694/170
f 722/748/193 673/807/220 690/808/221
f 674/809/222 675/810/223 617/746/191
f 691/736/185 676/811/224 651/785/184
f 676/811/224 652/786/210 651/785/184
f 652/786/210 710/812/225 653/787/211
f 710/812/225 654/788/212 653/787/211
f 704/813/226 655/789/213 654/788/212
f 677/814/227 656/790/214 655/789/213
f 714/815/228 657/791/215 656/790/214
f 678/816/229 658/792/216 657/791/215
f 717/817/230 659/793/217 658/792/216
f 719/818/231 660/794/218 659/793/217
f 679/819/232 661/795/219 660/794/218
f 661/795/219 680/820/233 662/796/3
f 680/820/233 663/797/176 662/796/3
f 681/821/176 665/799/21 663/797/176
f 682/822/21 666/800/175 665/799/21
f 683/823/175 667/801/174 666/800/175
f 684/824/174 668/802/173 667/801/174
f 685/825/173 669/803/7 668/802/173
f 686/826/7 670/804/172 669/803/7
f 687/827/172 671/805/171 670/804/172
f 688/828/171 672/806/170 671/805/171
f 689/829/234 690/830/221 672/806/170
f 691/831/185 692/832/235 693/833/236
f 690/808/221 694/834/237 695/835/187
f 696/836/238 698/837/239 697/838/240
f 703/839/241 702/840/242 698/841/239
f 699/842/243 697/838/240 700/843/244
f 701/844/245 702/845/242 703/846/241
f 704/847/226 705/848/246 708/849/247
f 1083/850/248 706/851/249 707/852/205
f 641/774/199 704/853/226 708/854/247
f 709/855/250 641/774/199 708/854/247
f 707/852/205 705/848/246 710/856/225
f 700/843/244 711/857/251 701/844/245
f 703/839/241 712/858/252 709/855/250
f 711/857/251 698/837/239 702/845/242
f 649/783/208 676/811/224 723/859/253
f 648/782/207 713/860/254 676/811/224
f 647/781/206 710/812/225 713/860/254
f 704/853/226 643/776/201 677/861/227
f 643/776/201 714/862/228 677/861/227
f 715/863/255 678/864/229 714/862/228
f 716/865/256 717/866/230 678/864/229
f 718/867/257 719/868/231 717/866/230
f 720/869/258 679/870/232 719/868/231
f 640/773/198 721/871/259 679/870/232
f 638/770/196 680/820/233 721/872/259
f 637/769/195 681/821/176 680/820/233
f 636/767/176 682/822/21 681/821/176
f 634/765/21 683/823/175 682/822/21
f 632/763/175 684/824/174 683/823/175
f 630/761/174 685/825/173 684/824/174
f 628/759/173 686/826/7 685/825/173
f 626/757/7 687/827/172 686/826/7
f 624/755/172 688/828/171 687/827/172
f 622/753/171 689/829/234 688/828/171
f 689/829/234 617/750/191 722/873/193
f 723/874/253 693/833/236 724/875/260
f 567/876/167 694/834/237 725/877/261
f 709/855/250 708/854/247 703/839/241
f 706/851/249 701/844/245 705/848/246
f 705/848/246 703/846/241 708/849/247
f 726/878/262 700/843/244 706/851/249
f 727/879/263 644/777/202 728/880/264
f 729/881/265 728/880/264 730/882/266
f 731/883/267 730/882/266 732/884/268
f 733/885/269 732/884/268 734/886/270
f 735/887/271 734/886/270 642/775/200
f 736/888/272 642/775/200 737/889/273
f 715/863/255 642/775/200 734/886/270
f 715/863/255 732/884/268 716/865/256
f 709/855/250 737/889/273 641/774/199
f 716/865/256 730/882/266 718/867/257
f 718/867/257 728/880/264 720/869/258
f 640/773/198 728/880/264 644/777/202
f 615/744/189 724/875/260 738/890/274
f 615/744/189 739/891/275 616/745/190
f 618/747/192 740/892/276 673/807/220
f 675/810/223 741/893/277 742/894/278
f 724/875/260 743/895/279 738/890/274
f 693/833/236 692/832/235 743/895/279
f 725/877/261 744/896/280 745/897/281
f 694/834/237 740/892/276 744/896/280
f 649/898/208 724/875/260 615/744/189
f 567/899/167 692/832/235 611/900/186
f 738/890/274 743/895/279 746/901/282
f 743/895/279 745/902/281 747/903/283
f 739/891/275 738/890/274 748/904/284
f 725/905/261 743/895/279 692/832/235
f 675/810/223 749/906/285 618/747/192
f 750/907/286 610/735/287 751/908/287
f 751/908/287 608/733/288 752/909/288
f 752/909/288 606/731/289 753/910/289
f 753/910/289 604/729/290 754/911/290
f 754/911/290 602/727/291 764/912/291
f 764/912/291 600/725/292 769/913/292
f 769/913/292 598/723/293 768/914/293
f 755/915/294 598/723/293 596/721/294
f 756/916/295 596/721/294 594/719/295
f 776/917/296 594/719/295 592/717/296
f 779/918/297 592/717/296 590/715/297
f 757/742/298 590/715/297 588/713/298
f 758/740/299 588/713/298 586/711/299
f 767/919/300 586/711/299 584/709/300
f 759/920/301 584/709/300 583/708/301
f 760/921/302 583/708/301 581/706/302
f 775/922/303 581/706/302 579/704/303
f 777/923/304 579/704/303 577/702/304
f 777/923/304 575/700/305 781/924/305
f 781/924/305 573/698/306 765/925/306
f 765/925/306 571/696/307 770/926/307
f 770/926/307 570/695/308 773/927/308
f 773/927/308 612/739/309 1084/928/309
f 1084/929/309 568/692/286 750/907/286
f 761/930/23 762/931/180 763/932/23
f 764/912/181 789/933/23 787/934/181
f 765/925/171 766/935/170 804/936/171
f 767/919/21 799/937/176 758/740/176
f 768/914/180 789/933/23 769/913/23
f 770/926/170 771/938/20 766/935/170
f 759/920/175 772/939/21 767/919/21
f 755/915/179 790/940/180 768/914/180
f 773/927/20 1085/941/169 771/938/20
f 750/907/168 774/942/184 807/943/168
f 760/921/174 801/944/175 759/920/175
f 756/916/178 792/945/179 755/915/179
f 1084/929/169 807/943/168 1085/946/169
f 751/908/184 783/947/24 774/942/184
f 775/922/173 802/948/174 760/921/174
f 776/917/22 793/949/178 756/916/178
f 752/909/24 784/950/183 783/947/24
f 777/923/7 778/951/173 775/922/173
f 779/918/177 794/952/22 776/917/22
f 753/910/183 786/953/182 784/950/183
f 777/923/7 803/954/172 780/955/7
f 757/742/3 797/956/177 779/918/177
f 754/911/182 787/934/181 786/953/182
f 781/924/172 804/936/171 803/954/172
f 815/957/4 774/942/4 782/958/4
f 820/959/4 774/942/4 783/947/4
f 820/959/4 784/950/4 826/960/4
f 785/961/4 784/950/4 786/953/4
f 785/961/4 787/934/4 788/962/4
f 761/963/4 787/934/4 789/933/4
f 761/963/4 790/940/4 791/964/4
f 791/964/4 792/945/4 818/965/4
f 818/965/4 793/949/4 824/966/4
f 824/966/4 794/952/4 795/967/4
f 796/968/4 794/952/4 797/956/4
f 796/968/4 613/741/4 798/969/4
f 798/969/4 799/937/4 841/970/4
f 800/971/4 799/937/4 772/939/4
f 816/972/4 772/939/4 801/944/4
f 816/972/4 802/948/4 822/973/4
f 828/974/4 802/948/4 778/951/4
f 833/975/4 778/951/4 780/955/4
f 833/975/4 803/954/4 832/976/4
f 836/977/4 803/954/4 804/936/4
f 836/977/4 766/935/4 809/978/4
f 805/979/4 766/935/4 771/938/4
f 805/979/4 1085/941/4 806/980/4
f 806/981/4 807/943/4 815/957/4
f 805/982/20 808/983/170 809/984/170
f 800/985/21 810/986/175 811/987/21
f 791/988/180 812/989/179 762/931/180
f 806/990/169 813/991/20 805/982/20
f 782/992/184 814/993/168 815/994/168
f 816/995/175 817/996/174 810/986/175
f 818/997/179 819/998/178 812/989/179
f 815/994/168 1086/999/169 806/1000/169
f 820/1001/24 821/1002/184 782/992/184
f 822/1003/174 823/1004/173 817/996/174
f 824/1005/178 825/1006/22 819/998/178
f 826/1007/183 827/1008/24 820/1001/24
f 828/1009/173 829/1010/7 823/1004/173
f 795/1011/22 830/1012/177 825/1006/22
f 785/1013/182 831/1014/183 826/1007/183
f 832/1015/172 829/1010/7 833/1016/7
f 796/1017/177 834/1018/3 830/1012/177
f 788/1019/181 835/1020/182 785/1013/182
f 836/1021/171 837/1022/172 832/1015/172
f 798/1023/3 838/1024/176 834/1018/3
f 761/930/23 839/1025/181 788/1019/181
f 809/984/170 840/1026/171 836/1021/171
f 841/1027/176 811/987/21 838/1024/176
f 842/1028/168 1087/1029/310 843/1030/169
f 844/1031/20 845/1032/170 846/1033/170
f 846/1033/170 847/1034/171 848/1035/171
f 848/1035/171 849/1036/172 850/1037/172
f 850/1037/172 851/1038/7 852/1039/7
f 852/1039/7 853/1040/173 854/1041/173
f 855/1042/174 853/1040/173 856/1043/174
f 855/1042/174 857/1044/175 858/1045/175
f 859/1046/21 857/1044/175 860/1047/21
f 859/1046/21 861/1048/176 862/1049/176
f 862/1049/176 863/1050/3 864/1051/3
f 864/1051/3 865/1052/177 866/1053/177
f 866/1053/177 867/1054/22 868/1055/22
f 868/1055/22 869/1056/178 870/1057/178
f 870/1057/178 871/1058/179 872/1059/179
f 872/1059/179 873/1060/180 874/1061/180
f 874/1061/180 875/1062/23 876/1063/23
f 876/1063/23 877/1064/181 878/1065/181
f 879/1066/182 877/1064/181 880/1067/182
f 879/1066/182 881/1068/183 882/1069/183
f 882/1069/183 883/1070/24 884/1071/24
f 884/1071/24 885/1072/184 886/1073/184
f 885/1072/184 887/1074/311 888/1075/312
f 886/1073/184 888/1075/312 842/1028/168
f 843/1076/169 958/1077/313 844/1031/20
f 889/1078/3 890/1079/176 891/1080/3
f 614/743/188 892/1081/314 893/1082/315
f 894/1083/316 895/1084/317 896/1085/318
f 895/1086/317 619/749/170 897/1087/170
f 897/1087/170 621/752/171 898/1088/171
f 898/1088/171 623/754/172 899/1089/172
f 899/1089/172 625/756/7 900/1090/7
f 900/1090/7 627/758/173 901/1091/173
f 901/1091/173 629/760/174 902/1092/174
f 902/1092/174 631/762/175 903/1093/175
f 903/1093/175 633/764/21 904/1094/21
f 904/1094/21 635/766/176 905/1095/176
f 905/1095/176 1082/768/194 906/1096/195
f 907/1097/319 906/1096/195 1082/768/194
f 907/1098/319 639/771/197 908/1099/320
f 909/1100/321 910/1101/322 911/1102/323
f 639/771/197 912/1103/324 908/1099/320
f 968/1104/325 646/779/204 913/1105/326
f 914/1106/327 646/779/204 650/784/209
f 893/1107/315 650/784/209 614/1108/188
f 883/1070/24 915/1109/184 885/1072/184
f 881/1068/183 916/1110/328 883/1070/24
f 880/1067/182 917/1111/329 881/1068/183
f 877/1064/181 918/1112/330 880/1067/182
f 875/1062/23 919/1113/331 877/1064/181
f 873/1060/180 920/1114/332 875/1062/23
f 871/1058/179 921/1115/333 873/1060/180
f 869/1056/178 922/1116/334 871/1058/179
f 867/1054/22 923/1117/335 869/1056/178
f 865/1052/177 924/1118/336 867/1054/22
f 863/1050/3 925/1119/337 865/1052/177
f 861/1048/176 926/1120/3 863/1050/3
f 860/1047/21 927/1121/176 861/1048/176
f 857/1044/175 928/1122/21 860/1047/21
f 856/1043/174 929/1123/175 857/1044/175
f 853/1040/173 930/1124/174 856/1043/174
f 851/1038/7 931/1125/173 853/1040/173
f 849/1036/172 932/1126/7 851/1038/7
f 847/1034/171 933/1127/172 849/1036/172
f 845/1032/170 934/1128/171 847/1034/171
f 958/1077/313 935/1129/170 845/1032/170
f 936/1130/338 896/1085/318 937/1131/339
f 938/1132/340 674/809/222 895/1084/317
f 887/1074/311 939/1133/341 940/1134/342
f 916/1110/328 939/1133/341 915/1109/184
f 916/1110/328 966/1135/343 941/1136/344
f 918/1112/330 966/1135/343 917/1111/329
f 919/1113/331 942/1137/345 918/1112/330
f 920/1114/332 943/1138/346 919/1113/331
f 921/1115/333 944/1139/347 920/1114/332
f 922/1116/334 970/1140/348 921/1115/333
f 923/1117/335 945/1141/349 922/1116/334
f 924/1118/336 973/1142/350 923/1117/335
f 925/1119/337 975/1143/351 924/1118/336
f 925/1119/337 946/1144/352 977/1145/353
f 927/1121/176 946/1144/352 926/1120/3
f 928/1122/21 947/1146/176 927/1121/176
f 929/1123/175 948/1147/21 928/1122/21
f 930/1124/174 949/1148/175 929/1123/175
f 931/1125/173 950/1149/174 930/1124/174
f 932/1126/7 951/1150/173 931/1125/173
f 933/1127/172 952/1151/7 932/1126/7
f 934/1128/171 953/1152/172 933/1127/172
f 935/1129/170 954/1153/171 934/1128/171
f 937/1154/339 955/1155/354 935/1129/170
f 887/1156/311 956/1157/355 888/1158/312
f 957/1159/356 937/1131/339 958/1160/313
f 960/1161/357 696/836/238 959/1162/358
f 964/1163/359 960/1164/357 961/1165/360
f 959/1162/358 699/842/243 962/1166/361
f 961/1167/360 963/1168/362 964/1169/359
f 942/1170/345 965/1171/363 966/1172/343
f 967/1173/364 1083/850/248 968/1174/325
f 910/1101/322 979/1175/365 942/1176/345
f 709/855/250 979/1175/365 910/1101/322
f 965/1171/363 968/1174/325 966/1172/343
f 969/1177/366 962/1166/361 963/1168/362
f 712/858/252 964/1163/359 709/855/250
f 969/1177/366 960/1161/357 959/1162/358
f 939/1133/341 893/1107/315 940/1134/342
f 941/1136/344 914/1106/327 939/1133/341
f 966/1135/343 913/1105/326 941/1136/344
f 942/1176/345 911/1102/323 910/1101/322
f 944/1178/347 911/1102/323 943/1179/346
f 970/1180/348 971/1181/367 944/1178/347
f 945/1182/349 972/1183/368 970/1180/348
f 973/1184/350 974/1185/369 945/1182/349
f 975/1186/351 976/1187/370 973/1184/350
f 977/1188/353 908/1099/320 975/1186/351
f 946/1144/352 907/1097/319 977/1145/353
f 947/1146/176 906/1096/195 946/1144/352
f 948/1147/21 905/1095/176 947/1146/176
f 949/1148/175 904/1094/21 948/1147/21
f 950/1149/174 903/1093/175 949/1148/175
f 951/1150/173 902/1092/174 950/1149/174
f 952/1151/7 901/1091/173 951/1150/173
f 953/1152/172 900/1090/7 952/1151/7
f 954/1153/171 899/1089/172 953/1152/172
f 955/1155/354 898/1088/171 954/1153/171
f 955/1155/354 895/1086/317 897/1087/170
f 940/1189/342 978/1190/371 887/1156/311
f 1087/1191/310 957/1159/356 958/1160/313
f 709/855/250 964/1163/359 979/1175/365
f 963/1168/362 967/1173/364 965/1171/363
f 964/1169/359 965/1171/363 979/1192/365
f 962/1166/361 726/878/262 967/1173/364
f 912/1103/324 727/879/263 980/1193/372
f 980/1193/372 729/881/265 981/1194/373
f 981/1194/373 731/883/267 982/1195/374
f 982/1195/374 733/885/269 983/1196/375
f 983/1196/375 735/887/271 909/1100/321
f 909/1100/321 736/888/272 984/1197/376
f 971/1181/367 909/1100/321 911/1102/323
f 982/1195/374 971/1181/367 972/1183/368
f 984/1197/376 709/855/250 910/1101/322
f 981/1194/373 972/1183/368 974/1185/369
f 980/1193/372 974/1185/369 976/1187/370
f 908/1099/320 980/1193/372 976/1187/370
f 892/1081/314 985/1198/377 986/1199/378
f 739/891/275 892/1081/314 616/745/190
f 987/1200/379 894/1083/316 936/1130/338
f 938/1132/340 741/893/277 988/1201/380
f 986/1199/378 989/1202/381 978/1190/371
f 978/1190/371 989/1202/381 956/1157/355
f 990/1203/382 991/1204/383 957/1159/356
f 957/1159/356 987/1200/379 936/1130/338
f 893/1082/315 986/1199/378 940/1189/342
f 956/1157/355 1087/1205/310 888/1158/312
f 985/1198/377 992/1206/282 989/1202/381
f 989/1202/381 993/1207/283 994/1208/384
f 739/891/275 748/904/284 985/1198/377
f 989/1202/381 990/1209/382 956/1157/355
f 995/1210/385 938/1132/340 894/1083/316
f 886/1073/386 1016/1211/387 1018/1212/386
f 884/1071/388 1018/1212/386 1021/1213/388
f 882/1069/389 1021/1213/388 1024/1214/389
f 879/1066/390 1024/1214/389 996/1215/390
f 878/1065/391 996/1215/390 997/1216/391
f 876/1063/392 997/1216/391 1004/1217/392
f 1009/1218/393 876/1063/392 1004/1217/392
f 1014/1219/394 874/1061/393 1009/1218/393
f 1019/1220/395 872/1059/394 1014/1219/394
f 1023/1221/396 870/1057/395 1019/1220/395
f 1027/1222/397 868/1055/396 1023/1221/396
f 891/1080/398 866/1053/397 1027/1222/397
f 890/1079/399 864/1051/398 891/1080/398
f 1008/1223/400 862/1049/399 890/1079/399
f 1012/1224/401 859/1046/400 1008/1223/400
f 998/1225/402 858/1045/401 1012/1224/401
f 999/1226/403 855/1042/402 998/1225/402
f 852/1039/404 999/1226/403 1000/1227/404
f 850/1037/405 1000/1227/404 1029/1228/405
f 848/1035/406 1029/1228/405 1001/1229/406
f 846/1033/407 1001/1229/406 1006/1230/407
f 844/1031/408 1006/1230/407 1010/1231/408
f 843/1076/409 1010/1231/408 1015/1232/409
f 842/1028/387 1015/1233/409 1016/1211/387
f 1038/1234/23 1002/1235/180 1039/1236/180
f 997/1216/181 1003/1237/23 1004/1217/23
f 1001/1229/171 1005/1238/170 1006/1230/170
f 1007/1239/176 1008/1223/21 890/1079/176
f 1003/1237/23 1009/1218/180 1004/1217/23
f 1006/1230/170 1048/1240/20 1010/1231/20
f 1011/1241/21 1012/1224/175 1008/1223/21
f 1013/1242/180 1014/1219/179 1009/1218/180
f 1010/1231/20 1090/1243/169 1015/1232/169
f 1016/1211/168 1017/1244/184 1018/1212/184
f 1093/1245/175 998/1225/174 1012/1224/175
f 1040/1246/179 1019/1220/178 1014/1219/179
f 1015/1233/169 1020/1247/168 1016/1211/168
f 1018/1212/184 1091/1248/24 1021/1213/24
f 1022/1249/174 999/1226/173 998/1225/174
f 1042/1250/178 1023/1221/22 1019/1220/178
f 1021/1213/24 1035/1251/183 1024/1214/183
f 1025/1252/173 1000/1227/7 999/1226/173
f 1026/1253/22 1027/1222/177 1023/1221/22
f 1024/1214/183 1092/1254/182 996/1215/182
f 1000/1227/7 1028/1255/172 1029/1228/172
f 1030/1256/177 891/1080/3 1027/1222/177
f 996/1215/182 1031/1257/181 997/1216/181
f 1029/1228/172 1032/1258/171 1001/1229/171
f 1017/1244/1 1057/1259/1 1033/1260/1
f 1034/1261/1 1017/1244/1 1033/1260/1
f 1035/1251/1 1034/1261/1 1068/1262/1
f 1036/1263/1 1035/1251/1 1068/1262/1
f 1031/1257/1 1036/1263/1 1037/1264/1
f 1038/1265/1 1031/1257/1 1037/1264/1
f 1013/1242/1 1038/1265/1 1039/1266/1
f 1040/1246/1 1039/1266/1 1041/1267/1
f 1042/1250/1 1041/1267/1 1061/1268/1
f 1026/1253/1 1061/1268/1 1066/1269/1
f 1043/1270/1 1026/1253/1 1066/1269/1
f 889/1078/1 1043/1270/1 1074/1271/1
f 1007/1239/1 1074/1271/1 1078/1272/1
f 1052/1273/1 1007/1239/1 1078/1272/1
f 1044/1274/1 1011/1241/1 1052/1273/1
f 1022/1249/1 1044/1274/1 1059/1275/1
f 1064/1276/1 1022/1249/1 1059/1275/1
f 1070/1277/1 1025/1252/1 1064/1276/1
f 1028/1255/1 1070/1277/1 1045/1278/1
f 1046/1279/1 1028/1255/1 1045/1278/1
f 1005/1238/1 1046/1279/1 1047/1280/1
f 1048/1240/1 1047/1280/1 1049/1281/1
f 1090/1243/1 1049/1281/1 1050/1282/1
f 1020/1247/1 1050/1283/1 1057/1259/1
f 1051/1284/170 1049/1285/20 1047/1286/170
f 1052/1287/21 1053/1288/175 1044/1289/175
f 1039/1236/180 1054/1290/179 1041/1291/179
f 1055/1292/20 1050/1293/169 1049/1285/20
f 1056/1294/168 1033/1295/184 1057/1296/168
f 1044/1289/175 1058/1297/174 1059/1298/174
f 1041/1291/179 1060/1299/178 1061/1300/178
f 1095/1301/169 1057/1296/168 1050/1302/169
f 1062/1303/184 1034/1304/24 1033/1295/184
f 1059/1298/174 1063/1305/173 1064/1306/173
f 1061/1300/178 1065/1307/22 1066/1308/22
f 1067/1309/24 1068/1310/183 1034/1304/24
f 1064/1306/173 1069/1311/7 1070/1312/7
f 1066/1308/22 1071/1313/177 1043/1314/177
f 1072/1315/183 1036/1316/182 1068/1310/183
f 1069/1311/7 1045/1317/172 1070/1312/7
f 1043/1314/177 1073/1318/3 1074/1319/3
f 1075/1320/182 1037/1321/181 1036/1316/182
f 1076/1322/172 1046/1323/171 1045/1317/172
f 1074/1319/3 1077/1324/176 1078/1325/176
f 1079/1326/181 1038/1234/23 1037/1321/181
f 1080/1327/171 1047/1286/170 1046/1323/171
f 1078/1325/176 1081/1328/21 1052/1287/21
f 567/691/167 611/737/186 568/692/168
f 569/694/170 695/738/187 570/695/20
f 572/697/171 569/694/170 571/696/170
f 574/699/172 572/697/171 573/698/171
f 576/701/7 574/699/172 575/700/172
f 578/703/173 576/701/7 577/702/7
f 580/705/174 578/703/173 579/704/173
f 582/707/175 580/705/174 581/706/174
f 584/709/21 664/798/21 582/707/175
f 585/710/176 664/798/21 584/709/21
f 587/712/3 585/710/176 586/711/176
f 589/714/177 587/712/3 588/713/3
f 591/716/22 589/714/177 590/715/177
f 593/718/178 591/716/22 592/717/22
f 595/720/179 593/718/178 594/719/178
f 597/722/180 595/720/179 596/721/179
f 599/724/23 597/722/180 598/723/180
f 601/726/181 599/724/23 600/725/23
f 603/728/182 601/726/181 602/727/181
f 605/730/183 603/728/182 604/729/182
f 607/732/24 605/730/183 606/731/183
f 609/734/184 607/732/24 608/733/24
f 691/736/185 651/785/184 609/734/184
f 611/737/186 609/734/184 610/735/184
f 695/738/187 567/1329/167 612/739/169
f 758/740/176 799/937/176 613/741/3
f 614/743/188 649/898/208 615/744/189
f 617/746/191 675/810/223 618/747/192
f 619/749/170 674/1330/222 617/750/191
f 621/752/171 619/749/170 620/751/170
f 623/754/172 621/752/171 622/753/171
f 625/756/7 623/754/172 624/755/172
f 627/758/173 625/756/7 626/757/7
f 629/760/174 627/758/173 628/759/173
f 631/762/175 629/760/174 630/761/174
f 633/764/21 631/762/175 632/763/175
f 635/766/176 633/764/21 634/765/21
f 1082/768/194 635/766/176 636/767/176
f 639/771/197 1082/1331/194 638/772/196
f 641/774/199 737/889/273 642/775/200
f 639/771/197 640/773/198 644/777/202
f 646/779/204 1083/1332/248 707/780/205
f 648/782/207 650/784/209 646/779/204
f 649/783/208 614/1108/188 650/784/209
f 651/785/184 652/786/210 607/732/24
f 652/786/210 653/787/211 605/730/183
f 653/787/211 654/788/212 603/728/182
f 654/788/212 655/789/213 601/726/181
f 655/789/213 656/790/214 599/724/23
f 656/790/214 657/791/215 597/722/180
f 657/791/215 658/792/216 595/720/179
f 658/792/216 659/793/217 593/718/178
f 659/793/217 660/794/218 591/716/22
f 660/794/218 661/795/219 589/714/177
f 661/795/219 662/796/3 587/712/3
f 662/796/3 663/797/176 585/710/176
f 663/797/176 665/799/21 664/798/21
f 665/799/21 666/800/175 582/707/175
f 666/800/175 667/801/174 580/705/174
f 667/801/174 668/802/173 578/703/173
f 668/802/173 669/803/7 576/701/7
f 669/803/7 670/804/172 574/699/172
f 670/804/172 671/805/171 572/697/171
f 671/805/171 672/806/170 569/694/170
f 672/806/170 690/830/221 695/738/187
f 722/748/193 618/747/192 673/807/220
f 674/809/222 988/1201/380 675/810/223
f 691/736/185 723/859/253 676/811/224
f 676/811/224 713/860/254 652/786/210
f 652/786/210 713/860/254 710/812/225
f 710/812/225 704/813/226 654/788/212
f 704/813/226 677/814/227 655/789/213
f 677/814/227 714/815/228 656/790/214
f 714/815/228 678/816/229 657/791/215
f 678/816/229 717/817/230 658/792/216
f 717/817/230 719/818/231 659/793/217
f 719/818/231 679/819/232 660/794/218
f 679/819/232 721/872/259 661/795/219
f 661/795/219 721/872/259 680/820/233
f 680/820/233 681/821/176 663/797/176
f 681/821/176 682/822/21 665/799/21
f 682/822/21 683/823/175 666/800/175
f 683/823/175 684/824/174 667/801/174
f 684/824/174 685/825/173 668/802/173
f 685/825/173 686/826/7 669/803/7
f 686/826/7 687/827/172 670/804/172
f 687/827/172 688/828/171 671/805/171
f 688/828/171 689/829/234 672/806/170
f 689/829/234 722/873/193 690/830/221
f 691/831/185 611/900/186 692/832/235
f 690/808/221 673/807/220 694/834/237
f 696/836/238 712/1333/252 698/837/239
f 699/842/243 696/836/238 697/838/240
f 701/844/245 711/857/251 702/845/242
f 704/847/226 710/856/225 705/848/246
f 1083/850/248 726/878/262 706/851/249
f 707/852/205 706/851/249 705/848/246
f 700/843/244 697/838/240 711/857/251
f 703/839/241 698/841/239 712/858/252
f 711/857/251 697/838/240 698/837/239
f 649/783/208 648/782/207 676/811/224
f 648/782/207 647/781/206 713/860/254
f 647/781/206 707/780/205 710/812/225
f 704/853/226 641/774/199 643/776/201
f 643/776/201 715/863/255 714/862/228
f 715/863/255 716/865/256 678/864/229
f 716/865/256 718/867/257 717/866/230
f 718/867/257 720/869/258 719/868/231
f 720/869/258 640/773/198 679/870/232
f 640/773/198 638/772/196 721/871/259
f 638/770/196 637/769/195 680/820/233
f 637/769/195 636/767/176 681/821/176
f 636/767/176 634/765/21 682/822/21
f 634/765/21 632/763/175 683/823/175
f 632/763/175 630/761/174 684/824/174
f 630/761/174 628/759/173 685/825/173
f 628/759/173 626/757/7 686/826/7
f 626/757/7 624/755/172 687/827/172
f 624/755/172 622/753/171 688/828/171
f 622/753/171 620/751/170 689/829/234
f 689/829/234 620/751/170 617/750/191
f 723/874/253 691/831/185 693/833/236
f 567/876/167 695/835/187 694/834/237
f 706/851/249 700/843/244 701/844/245
f 705/848/246 701/844/245 703/846/241
f 726/878/262 699/842/243 700/843/244
f 727/879/263 645/778/203 644/777/202
f 729/881/265 727/879/263 728/880/264
f 731/883/267 729/881/265 730/882/266
f 733/885/269 731/883/267 732/884/268
f 735/887/271 733/885/269 734/886/270
f 736/888/272 735/887/271 642/775/200
f 715/863/255 643/776/201 642/775/200
f 715/863/255 734/886/270 732/884/268
f 709/855/250 736/888/272 737/889/273
f 716/865/256 732/884/268 730/882/266
f 718/867/257 730/882/266 728/880/264
f 640/773/198 720/869/258 728/880/264
f 615/744/189 738/890/274 739/891/275
f 618/747/192 749/906/285 740/892/276
f 675/810/223 988/1201/380 741/893/277
f 724/875/260 693/833/236 743/895/279
f 725/877/261 694/834/237 744/896/280
f 694/834/237 673/807/220 740/892/276
f 649/898/208 723/874/253 724/875/260
f 567/899/167 725/905/261 692/832/235
f 725/905/261 745/902/281 743/895/279
f 675/810/223 742/894/278 749/906/285
f 750/907/286 568/692/286 610/735/287
f 751/908/287 610/735/287 608/733/288
f 752/909/288 608/733/288 606/731/289
f 753/910/289 606/731/289 604/729/290
f 754/911/290 604/729/290 602/727/291
f 764/912/291 602/727/291 600/725/292
f 769/913/292 600/725/292 598/723/293
f 755/915/294 768/914/293 598/723/293
f 756/916/295 755/915/294 596/721/294
f 776/917/296 756/916/295 594/719/295
f 779/918/297 776/917/296 592/717/296
f 757/742/298 779/918/297 590/715/297
f 758/740/299 757/742/298 588/713/298
f 767/919/300 758/740/299 586/711/299
f 759/920/301 767/919/300 584/709/300
f 760/921/302 759/920/301 583/708/301
f 775/922/303 760/921/302 581/706/302
f 777/923/304 775/922/303 579/704/303
f 777/923/304 577/702/304 575/700/305
f 781/924/305 575/700/305 573/698/306
f 765/925/306 573/698/306 571/696/307
f 770/926/307 571/696/307 570/695/308
f 773/927/308 570/695/308 612/739/309
f 1084/929/309 612/693/309 568/692/286
f 761/930/23 791/988/180 762/931/180
f 764/912/181 769/913/23 789/933/23
f 765/925/171 770/926/170 766/935/170
f 767/919/21 772/939/21 799/937/176
f 768/914/180 790/940/180 789/933/23
f 770/926/170 773/927/20 771/938/20
f 759/920/175 801/944/175 772/939/21
f 755/915/179 792/945/179 790/940/180
f 773/927/20 1084/928/169 1085/941/169
f 750/907/168 751/908/184 774/942/184
f 760/921/174 802/948/174 801/944/175
f 756/916/178 793/949/178 792/945/179
f 1084/929/169 750/907/168 807/943/168
f 751/908/184 752/909/24 783/947/24
f 775/922/173 778/951/173 802/948/174
f 776/917/22 794/952/22 793/949/178
f 752/909/24 753/910/183 784/950/183
f 777/923/7 780/955/7 778/951/173
f 779/918/177 797/956/177 794/952/22
f 753/910/183 754/911/182 786/953/182
f 777/923/7 781/924/172 803/954/172
f 757/742/3 613/741/3 797/956/177
f 754/911/182 764/912/181 787/934/181
f 781/924/172 765/925/171 804/936/171
f 815/957/4 807/943/4 774/942/4
f 820/959/4 782/958/4 774/942/4
f 820/959/4 783/947/4 784/950/4
f 785/961/4 826/960/4 784/950/4
f 785/961/4 786/953/4 787/934/4
f 761/963/4 788/962/4 787/934/4
f 761/963/4 789/933/4 790/940/4
f 791/964/4 790/940/4 792/945/4
f 818/965/4 792/945/4 793/949/4
f 824/966/4 793/949/4 794/952/4
f 796/968/4 795/967/4 794/952/4
f 796/968/4 797/956/4 613/741/4
f 798/969/4 613/741/4 799/937/4
f 800/971/4 841/970/4 799/937/4
f 816/972/4 800/971/4 772/939/4
f 816/972/4 801/944/4 802/948/4
f 828/974/4 822/973/4 802/948/4
f 833/975/4 828/974/4 778/951/4
f 833/975/4 780/955/4 803/954/4
f 836/977/4 832/976/4 803/954/4
f 836/977/4 804/936/4 766/935/4
f 805/979/4 809/978/4 766/935/4
f 805/979/4 771/938/4 1085/941/4
f 806/981/4 1085/946/4 807/943/4
f 805/982/20 813/991/20 808/983/170
f 800/985/21 816/995/175 810/986/175
f 791/988/180 818/997/179 812/989/179
f 806/990/169 1086/1334/169 813/991/20
f 782/992/184 821/1002/184 814/993/168
f 816/995/175 822/1003/174 817/996/174
f 818/997/179 824/1005/178 819/998/178
f 815/994/168 814/993/168 1086/999/169
f 820/1001/24 827/1008/24 821/1002/184
f 822/1003/174 828/1009/173 823/1004/173
f 824/1005/178 795/1011/22 825/1006/22
f 826/1007/183 831/1014/183 827/1008/24
f 828/1009/173 833/1016/7 829/1010/7
f 795/1011/22 796/1017/177 830/1012/177
f 785/1013/182 835/1020/182 831/1014/183
f 832/1015/172 837/1022/172 829/1010/7
f 796/1017/177 798/1023/3 834/1018/3
f 788/1019/181 839/1025/181 835/1020/182
f 836/1021/171 840/1026/171 837/1022/172
f 798/1023/3 841/1027/176 838/1024/176
f 761/930/23 763/932/23 839/1025/181
f 809/984/170 808/983/170 840/1026/171
f 841/1027/176 800/985/21 811/987/21
f 842/1028/168 888/1075/312 1087/1029/310
f 844/1031/20 958/1077/313 845/1032/170
f 846/1033/170 845/1032/170 847/1034/171
f 848/1035/171 847/1034/171 849/1036/172
f 850/1037/172 849/1036/172 851/1038/7
f 852/1039/7 851/1038/7 853/1040/173
f 855/1042/174 854/1041/173 853/1040/173
f 855/1042/174 856/1043/174 857/1044/175
f 859/1046/21 858/1045/175 857/1044/175
f 859/1046/21 860/1047/21 861/1048/176
f 862/1049/176 861/1048/176 863/1050/3
f 864/1051/3 863/1050/3 865/1052/177
f 866/1053/177 865/1052/177 867/1054/22
f 868/1055/22 867/1054/22 869/1056/178
f 870/1057/178 869/1056/178 871/1058/179
f 872/1059/179 871/1058/179 873/1060/180
f 874/1061/180 873/1060/180 875/1062/23
f 876/1063/23 875/1062/23 877/1064/181
f 879/1066/182 878/1065/181 877/1064/181
f 879/1066/182 880/1067/182 881/1068/183
f 882/1069/183 881/1068/183 883/1070/24
f 884/1071/24 883/1070/24 885/1072/184
f 885/1072/184 915/1109/184 887/1074/311
f 886/1073/184 885/1072/184 888/1075/312
f 843/1076/169 1087/1335/310 958/1077/313
f 889/1078/3 1007/1239/176 890/1079/176
f 614/743/188 616/745/190 892/1081/314
f 894/1083/316 938/1132/340 895/1084/317
f 895/1086/317 674/1330/222 619/749/170
f 897/1087/170 619/749/170 621/752/171
f 898/1088/171 621/752/171 623/754/172
f 899/1089/172 623/754/172 625/756/7
f 900/1090/7 625/756/7 627/758/173
f 901/1091/173 627/758/173 629/760/174
f 902/1092/174 629/760/174 631/762/175
f 903/1093/175 631/762/175 633/764/21
f 904/1094/21 633/764/21 635/766/176
f 905/1095/176 635/766/176 1082/768/194
f 907/1098/319 1082/1331/194 639/771/197
f 909/1100/321 984/1197/376 910/1101/322
f 639/771/197 645/778/203 912/1103/324
f 968/1104/325 1083/1332/248 646/779/204
f 914/1106/327 913/1105/326 646/779/204
f 893/1107/315 914/1106/327 650/784/209
f 883/1070/24 916/1110/328 915/1109/184
f 881/1068/183 917/1111/329 916/1110/328
f 880/1067/182 918/1112/330 917/1111/329
f 877/1064/181 919/1113/331 918/1112/330
f 875/1062/23 920/1114/332 919/1113/331
f 873/1060/180 921/1115/333 920/1114/332
f 871/1058/179 922/1116/334 921/1115/333
f 869/1056/178 923/1117/335 922/1116/334
f 867/1054/22 924/1118/336 923/1117/335
f 865/1052/177 925/1119/337 924/1118/336
f 863/1050/3 926/1120/3 925/1119/337
f 861/1048/176 927/1121/176 926/1120/3
f 860/1047/21 928/1122/21 927/1121/176
f 857/1044/175 929/1123/175 928/1122/21
f 856/1043/174 930/1124/174 929/1123/175
f 853/1040/173 931/1125/173 930/1124/174
f 851/1038/7 932/1126/7 931/1125/173
f 849/1036/172 933/1127/172 932/1126/7
f 847/1034/171 934/1128/171 933/1127/172
f 845/1032/170 935/1129/170 934/1128/171
f 958/1077/313 937/1154/339 935/1129/170
f 936/1130/338 894/1083/316 896/1085/318
f 938/1132/340 988/1201/380 674/809/222
f 887/1074/311 915/1109/184 939/1133/341
f 916/1110/328 941/1136/344 939/1133/341
f 916/1110/328 917/1111/329 966/1135/343
f 918/1112/330 942/1137/345 966/1135/343
f 919/1113/331 943/1138/346 942/1137/345
f 920/1114/332 944/1139/347 943/1138/346
f 921/1115/333 970/1140/348 944/1139/347
f 922/1116/334 945/1141/349 970/1140/348
f 923/1117/335 973/1142/350 945/1141/349
f 924/1118/336 975/1143/351 973/1142/350
f 925/1119/337 977/1145/353 975/1143/351
f 925/1119/337 926/1120/3 946/1144/352
f 927/1121/176 947/1146/176 946/1144/352
f 928/1122/21 948/1147/21 947/1146/176
f 929/1123/175 949/1148/175 948/1147/21
f 930/1124/174 950/1149/174 949/1148/175
f 931/1125/173 951/1150/173 950/1149/174
f 932/1126/7 952/1151/7 951/1150/173
f 933/1127/172 953/1152/172 952/1151/7
f 934/1128/171 954/1153/171 953/1152/172
f 935/1129/170 955/1155/354 954/1153/171
f 937/1154/339 896/1336/318 955/1155/354
f 887/1156/311 978/1190/371 956/1157/355
f 957/1159/356 936/1130/338 937/1131/339
f 960/1161/357 712/1333/252 696/836/238
f 959/1162/358 696/836/238 699/842/243
f 961/1167/360 969/1177/366 963/1168/362
f 942/1170/345 979/1192/365 965/1171/363
f 967/1173/364 726/878/262 1083/850/248
f 965/1171/363 967/1173/364 968/1174/325
f 969/1177/366 959/1162/358 962/1166/361
f 712/858/252 960/1164/357 964/1163/359
f 969/1177/366 961/1167/360 960/1161/357
f 939/1133/341 914/1106/327 893/1107/315
f 941/1136/344 913/1105/326 914/1106/327
f 966/1135/343 968/1104/325 913/1105/326
f 942/1176/345 943/1179/346 911/1102/323
f 944/1178/347 971/1181/367 911/1102/323
f 970/1180/348 972/1183/368 971/1181/367
f 945/1182/349 974/1185/369 972/1183/368
f 973/1184/350 976/1187/370 974/1185/369
f 975/1186/351 908/1099/320 976/1187/370
f 977/1188/353 907/1098/319 908/1099/320
f 946/1144/352 906/1096/195 907/1097/319
f 947/1146/176 905/1095/176 906/1096/195
f 948/1147/21 904/1094/21 905/1095/176
f 949/1148/175 903/1093/175 904/1094/21
f 950/1149/174 902/1092/174 903/1093/175
f 951/1150/173 901/1091/173 902/1092/174
f 952/1151/7 900/1090/7 901/1091/173
f 953/1152/172 899/1089/172 900/1090/7
f 954/1153/171 898/1088/171 899/1089/172
f 955/1155/354 897/1087/170 898/1088/171
f 955/1155/354 896/1336/318 895/1086/317
f 940/1189/342 986/1199/378 978/1190/371
f 1087/1191/310 990/1203/382 957/1159/356
f 963/1168/362 962/1166/361 967/1173/364
f 964/1169/359 963/1168/362 965/1171/363
f 962/1166/361 699/842/243 726/878/262
f 912/1103/324 645/778/203 727/879/263
f 980/1193/372 727/879/263 729/881/265
f 981/1194/373 729/881/265 731/883/267
f 982/1195/374 731/883/267 733/885/269
f 983/1196/375 733/885/269 735/887/271
f 909/1100/321 735/887/271 736/888/272
f 971/1181/367 983/1196/375 909/1100/321
f 982/1195/374 983/1196/375 971/1181/367
f 984/1197/376 736/888/272 709/855/250
f 981/1194/373 982/1195/374 972/1183/368
f 980/1193/372 981/1194/373 974/1185/369
f 908/1099/320 912/1103/324 980/1193/372
f 739/891/275 985/1198/377 892/1081/314
f 987/1200/379 995/1210/385 894/1083/316
f 938/1132/340 1088/1337/410 741/893/277
f 986/1199/378 985/1198/377 989/1202/381
f 990/1203/382 994/1338/384 991/1204/383
f 957/1159/356 991/1204/383 987/1200/379
f 893/1082/315 892/1081/314 986/1199/378
f 956/1157/355 990/1209/382 1087/1205/310
f 989/1202/381 994/1208/384 990/1209/382
f 995/1210/385 1088/1337/410 938/1132/340
f 886/1073/386 842/1028/387 1016/1211/387
f 884/1071/388 886/1073/386 1018/1212/386
f 882/1069/389 884/1071/388 1021/1213/388
f 879/1066/390 882/1069/389 1024/1214/389
f 878/1065/391 879/1066/390 996/1215/390
f 876/1063/392 878/1065/391 997/1216/391
f 1009/1218/393 874/1061/393 876/1063/392
f 1014/1219/394 872/1059/394 874/1061/393
f 1019/1220/395 870/1057/395 872/1059/394
f 1023/1221/396 868/1055/396 870/1057/395
f 1027/1222/397 866/1053/397 868/1055/396
f 891/1080/398 864/1051/398 866/1053/397
f 890/1079/399 862/1049/399 864/1051/398
f 1008/1223/400 859/1046/400 862/1049/399
f 1012/1224/401 858/1045/401 859/1046/400
f 998/1225/402 855/1042/402 858/1045/401
f 999/1226/403 854/1041/403 855/1042/402
f 852/1039/404 854/1041/403 999/1226/403
f 850/1037/405 852/1039/404 1000/1227/404
f 848/1035/406 850/1037/405 1029/1228/405
f 846/1033/407 848/1035/406 1001/1229/406
f 844/1031/408 846/1033/407 1006/1230/407
f 843/1076/409 844/1031/408 1010/1231/408
f 842/1028/387 843/1030/409 1015/1233/409
f 1038/1234/23 1089/1339/23 1002/1235/180
f 997/1216/181 1031/1257/181 1003/1237/23
f 1001/1229/171 1032/1258/171 1005/1238/170
f 1007/1239/176 1011/1241/21 1008/1223/21
f 1003/1237/23 1013/1242/180 1009/1218/180
f 1006/1230/170 1005/1238/170 1048/1240/20
f 1011/1241/21 1093/1245/175 1012/1224/175
f 1013/1242/180 1040/1246/179 1014/1219/179
f 1010/1231/20 1048/1240/20 1090/1243/169
f 1016/1211/168 1020/1247/168 1017/1244/184
f 1093/1245/175 1022/1249/174 998/1225/174
f 1040/1246/179 1042/1250/178 1019/1220/178
f 1015/1233/169 1090/1340/169 1020/1247/168
f 1018/1212/184 1017/1244/184 1091/1248/24
f 1022/1249/174 1025/1252/173 999/1226/173
f 1042/1250/178 1026/1253/22 1023/1221/22
f 1021/1213/24 1091/1248/24 1035/1251/183
f 1025/1252/173 1094/1341/7 1000/1227/7
f 1026/1253/22 1030/1256/177 1027/1222/177
f 1024/1214/183 1035/1251/183 1092/1254/182
f 1000/1227/7 1094/1341/7 1028/1255/172
f 1030/1256/177 889/1078/3 891/1080/3
f 996/1215/182 1092/1254/182 1031/1257/181
f 1029/1228/172 1028/1255/172 1032/1258/171
f 1017/1244/1 1020/1247/1 1057/1259/1
f 1034/1261/1 1091/1248/1 1017/1244/1
f 1035/1251/1 1091/1248/1 1034/1261/1
f 1036/1263/1 1092/1254/1 1035/1251/1
f 1031/1257/1 1092/1254/1 1036/1263/1
f 1038/1265/1 1003/1237/1 1031/1257/1
f 1013/1242/1 1003/1237/1 1038/1265/1
f 1040/1246/1 1013/1242/1 1039/1266/1
f 1042/1250/1 1040/1246/1 1041/1267/1
f 1026/1253/1 1042/1250/1 1061/1268/1
f 1043/1270/1 1030/1256/1 1026/1253/1
f 889/1078/1 1030/1256/1 1043/1270/1
f 1007/1239/1 889/1078/1 1074/1271/1
f 1052/1273/1 1011/1241/1 1007/1239/1
f 1044/1274/1 1093/1245/1 1011/1241/1
f 1022/1249/1 1093/1245/1 1044/1274/1
f 1064/1276/1 1025/1252/1 1022/1249/1
f 1070/1277/1 1094/1341/1 1025/1252/1
f 1028/1255/1 1094/1341/1 1070/1277/1
f 1046/1279/1 1032/1258/1 1028/1255/1
f 1005/1238/1 1032/1258/1 1046/1279/1
f 1048/1240/1 1005/1238/1 1047/1280/1
f 1090/1243/1 1048/1240/1 1049/1281/1
f 1020/1247/1 1090/1340/1 1050/1283/1
f 1051/1284/170 1055/1292/20 1049/1285/20
f 1052/1287/21 1081/1328/21 1053/1288/175
f 1039/1236/180 1002/1235/180 1054/1290/179
f 1055/1292/20 1095/1342/169 1050/1293/169
f 1056/1294/168 1062/1303/184 1033/1295/184
f 1044/1289/175 1053/1288/175 1058/1297/174
f 1041/1291/179 1054/1290/179 1060/1299/178
f 1095/1301/169 1056/1294/168 1057/1296/168
f 1062/1303/184 1067/1309/24 1034/1304/24
f 1059/1298/174 1058/1297/174 1063/1305/173
f 1061/1300/178 1060/1299/178 1065/1307/22
f 1067/1309/24 1072/1315/183 1068/1310/183
f 1064/1306/173 1063/1305/173 1069/1311/7
f 1066/1308/22 1065/1307/22 1071/1313/177
f 1072/1315/183 1075/1320/182 1036/1316/182
f 1069/1311/7 1076/1322/172 1045/1317/172
f 1043/1314/177 1071/1313/177 1073/1318/3
f 1075/1320/182 1079/1326/181 1037/1321/181
f 1076/1322/172 1080/1327/171 1046/1323/171
f 1074/1319/3 1073/1318/3 1077/1324/176
f 1079/1326/181 1089/1339/23 1038/1234/23
f 1080/1327/171 1051/1284/170 1047/1286/170
f 1078/1325/176 1077/1324/176 1081/1328/21
